"ID","Site_logFC","Site_logCPM","Site_LR","Site_PValue","Site_FDR","A_logFC","A_logCPM","A_LR","A_PValue","A_FDR","B_logFC","B_logCPM","B_LR","B_PValue","B_FDR","C_logFC","C_logCPM","C_LR","C_PValue","C_FDR","D_logFC","D_logCPM","D_LR","D_PValue","D_FDR","KEGG","Path","Name"
"xylose",0.118231844541051,9.50708879251707,0.734518486657187,0.391422480430866,0.485493200538434,-0.188755270443266,9.50708879251707,0.683464861664717,0.408396158777184,0.831733640436461,0.228296971698997,9.50708879251707,1.10224210704974,0.293774581583763,0.743338714007401,-0.392795076620907,9.50708879251707,3.31908807206958,0.0684798043722375,0.122969111077029,-0.176765720598206,9.50708879251707,0.599608324585937,0.438727507024122,0.616736232018868,"C00181","map00040; map00520; map01100; map02010","fructuronate reductase [EC:1.1.1.57]; mercuric reductase [EC:1.16.1.1]; sedoheptulose-bisphosphatase [EC:3.1.3.37]; iron(III) system ATP-protein [EC:7.2.2.7]"
"valine",1.42302610560667,9.64507777028439,21.9866899536883,2.74547829752396e-06,2.81391418893424e-05,-0.819294410892397,9.64507777028439,3.09889566332835,0.0783454232954607,0.523347427613678,0.176078705122677,9.64507777028439,0.157922315981999,0.691076638068874,0.904056392293921,-0.425742018004727,9.64507777028439,0.910161520883769,0.340071566110218,0.430242057124291,-1.13302941794591,9.64507777028439,5.72527487969725,0.0167224186501627,0.189994355098992,"C00183","map00280; map00290; map00311; map00460; map00770; map00966; map00970; map01060; map01063; map01100; map01110; map01210; map01230; map01240; map02010; map04974; map04978; map05230","lysyl oxidase-protein 2/3/4 [EC:1.4.3.-]; saccharopine dehydrogenase (NAD+, L-forming) [EC:1.5.1.7]; electron-transferring-dehydrogenase [EC:1.5.5.1]; arachidonate 15-lipoxygenase [EC:1.13.11.33]; 1,4-beta-D-synthase [EC:2.4.2.24]; mannose-1-guanylyltransferase [EC:2.7.7.13]; poly(A) polymerase [EC:2.7.7.19]; cephalosporin-deacetylase [EC:3.1.1.41]; juvenile-esterase [EC:3.1.1.59]; sedoheptulose-bisphosphatase [EC:3.1.3.37]; phosphatidylinositol-3,4,5-3-and dual-protein PTEN [EC:3.1.3.3.1.3.3.1.3.67]; glucan 1,3-beta-glucosidase [EC:3.2.1.58]; mannosyl-alpha-1,2-mannosidase [EC:3.2.1.113]; uridine nucleosidase [EC:3.2.2.3]; iron(III) system ATP-protein [EC:7.2.2.7]; transient potential channel V 5; transient potential channel M 3; defensin, alpha"
"undecanoic acid",0.154347792918816,9.23555128833737,0.269599522575227,0.603600542474922,0.663166385482316,-0.299197775417348,9.23555128833737,0.378903041295082,0.538190895485385,0.895575032738227,0.278780497423985,9.23555128833737,0.366095694061855,0.5451401791896,0.850735734786986,0.476284401657665,9.23555128833737,1.04460574806806,0.306752710832774,0.39711397448894,-0.0446742074030275,9.23555128833737,0.00829975961034535,0.927410735814488,0.950169281478647,"C17715",NA,NA
"UDP-N-acetylglucosamine",-0.126953181948338,9.26965786492595,0.409351964854217,0.522298605755316,0.603839829165332,-0.524751065184918,9.26965786492595,2.55040695079649,0.11026585023726,0.573505657777557,-0.355409318840028,9.26965786492595,1.32351311455408,0.249962528432278,0.743338714007401,-1.26895377244785,9.26965786492595,16.7346385526746,4.29889115180272e-05,0.000276057447869646,-0.43094884595426,9.26965786492595,1.73184959384174,0.188174859599841,0.419894651688144,"C00043","map00520; map00524; map00540; map00541; map00550; map01100; map01502; map04931; map05415","mercuric reductase [EC:1.16.1.1]; ribonucleotide reductase, II [EC:1.17.4.1]; F420H(2)-quinone reductase [EC:1.1.98.-]; nicotinamide N-methyltransferase [EC:2.1.1.1]; phosphatidyl-N-N-methyltransferase [EC:2.1.1.71]; sedoheptulose-bisphosphatase [EC:3.1.3.37]; aliphatic nitrilase [EC:3.5.5.7]; potassium voltage-channel delayed-subfamily member 1; interferon beta"
"tyrosine",1.51838382005838,7.74718115155468,21.9052689380812,2.86446354562168e-06,2.81391418893424e-05,0.346043874092188,7.74718115155468,0.520472157258361,0.470640342628014,0.873299302431982,1.43872500367383,7.74718115155468,9.35026938665487,0.00222952695665086,0.08953041941815,-0.15777109339984,7.74718115155468,0.109286337658851,0.740958097493964,0.798322595364464,0.197945916068507,7.74718115155468,0.158773792210638,0.690287974422459,0.77367846797685,"C00082","map00130; map00261; map00350; map00360; map00400; map00401; map00460; map00680; map00730; map00940; map00950; map00965; map00966; map00970; map00998; map01055; map01059; map01060; map01063; map01100; map01110; map01210; map01230; map01240; map04728; map04916; map04917; map04974; map05012; map05030; map05031; map05034; map05230","betaine-dehydrogenase [EC:1.2.1.8]; glutamate dehydrogenase (NAD(P)+) [EC:1.4.1.3]; Na+-NADH:oxidoreductase E [EC:7.2.1.1]; assimilatory reductase transfer subunit [EC:1.7.99.-]; methyl M system, A2; methyl-M beta subunit [EC:2.8.4.1]; arachidonate 15-lipoxygenase [EC:1.13.11.33]; uncharacterized N-acetyltransferase [EC:2.3.1.-]; oligosaccharyl complex OST4; nucleoside-kinase [EC:2.7.4.6]; 2-amino-4-hydroxy-6-diphosphokinase [EC:2.7.6.3]; UDPglucose--hexose-1-uridylyltransferase [EC:2.7.7.12]; mannose-1-guanylyltransferase [EC:2.7.7.13]; poly(A) polymerase [EC:2.7.7.19]; CDP-diacylglycerol---O-phosphatidyltransferase [EC:2.7.8.8]; 3-enol-lactonase [EC:3.1.1.24]; lipoprotein lipase [EC:3.1.1.34]; cephalosporin-deacetylase [EC:3.1.1.41]; juvenile-esterase [EC:3.1.1.59]; sedoheptulose-bisphosphatase [EC:3.1.3.37]; phosphatidylinositol-3,4,5-3-and dual-protein PTEN [EC:3.1.3.3.1.3.3.1.3.67]; glucan 1,3-beta-glucosidase [EC:3.2.1.58]; mannosyl-alpha-1,2-mannosidase [EC:3.2.1.113]; uridine nucleosidase [EC:3.2.2.3]; serine-kinase ATM [EC:2.7.11.1]; potassium subfamily member 5; potassium subfamily member 6; transient potential channel V 5; chloride 3/4/5; calcium-chloride regulator 3/4; cystic transmembrane regulator [EC:5.6.1.6]; solute family 6 (transporter, GABA) 1; defensin, alpha"
"tryptophan",0.906756841000325,6.67501257128842,8.43300699113978,0.00368470510044782,0.0137928942012472,-0.269829393126027,6.67501257128842,0.306668157538247,0.579731970228545,0.896437398408954,0.591719547724616,6.67501257128842,1.61134331142971,0.204303076686569,0.725927953333128,-0.375540652216929,6.67501257128842,0.652679548923984,0.419156296911364,0.519868640549319,-0.81545532393468,6.67501257128842,2.63567866461142,0.104487404127569,0.299784758784433,"C00078","map00260; map00380; map00400; map00404; map00901; map00966; map00970; map00998; map01060; map01061; map01063; map01070; map01100; map01110; map01210; map01230; map01240; map04361; map04726; map04974; map04978; map05143; map05230","glutamate dehydrogenase [EC:1.4.1.2]; sulfite reductase (NADPH) alpha-component [EC:1.8.1.2]; methyl M system, A2; cytochrome oxidase cbb3-subunit I [EC:7.1.1.9]; diacylglycerol kinase (ATP) [EC:2.7.1.107]; mannose-1-guanylyltransferase [EC:2.7.7.13]; poly(A) polymerase [EC:2.7.7.19]; CDP-diacylglycerol---O-phosphatidyltransferase [EC:2.7.8.8]; cephalosporin-deacetylase [EC:3.1.1.41]; carboxymethylenebutenolidase [EC:3.1.1.45]; juvenile-esterase [EC:3.1.1.59]; S-hydrolase [EC:3.1.2.12]; sedoheptulose-bisphosphatase [EC:3.1.3.37]; phosphatidylinositol-3,4,5-3-and dual-protein PTEN [EC:3.1.3.3.1.3.3.1.3.67]; glucan 1,3-beta-glucosidase [EC:3.2.1.58]; mannosyl-alpha-1,2-mannosidase [EC:3.2.1.113]; uridine nucleosidase [EC:3.2.2.3]; epidermal factor receptor [EC:2.7.10.1]; BH3 domain agonist; transient potential channel V 5; transient potential channel M 3; tumor factor superfamily 6B; defensin, alpha"
"tridecanoic acid",-0.630672197744933,9.10851690009728,9.55593209845285,0.00199304284399933,0.00792471797494974,0.674309318007784,9.10851690009728,4.00951012416202,0.0452442948497011,0.440061714140794,-0.0340118502401497,9.10851690009728,0.0114587337574079,0.914752903010233,0.954773342516931,0.832880425556048,9.10851690009728,6.65469715169855,0.00988947778011454,0.030028050714166,0.461522372366212,9.10851690009728,1.88471485340874,0.169799240116846,0.410963378253815,"C17076",NA,NA
"triacontanol",-0.214200587726233,6.12262862050282,1.97503455722316,0.159914484609424,0.269754736664382,-0.305399998424607,6.12262862050282,1.45690889033227,0.22742258969566,0.68537712647491,-0.684805105225212,6.12262862050282,8.08079050278405,0.00447369265061216,0.0933883340815289,-0.300956793132895,6.12262862050282,1.61512683891811,0.203772621371209,0.288390065838915,-0.127154222629176,6.12262862050282,0.254198013835463,0.614134516161603,0.743942041597166,"",NA,NA
"trehalose",0.0498274546346356,18.441414312808,0.121229493529171,0.72770481155025,0.779017330313409,-0.11983721091783,18.441414312808,0.257712753129312,0.611695896366904,0.896645504495431,-0.226743231665247,18.441414312808,1.03146263149139,0.309815385027982,0.749843033328594,-1.18993368335559,18.441414312808,28.1783410294733,1.10635711174313e-07,9.23808188305512e-07,-0.15623554990426,18.441414312808,0.438335676318417,0.507926849271654,0.667903809672175,"C01083","map00500; map01100; map01110; map02010; map02060","phenylalanine-4-hydroxylase [EC:1.14.16.1]; sedoheptulose-bisphosphatase [EC:3.1.3.37]; phosphatidylinositol-3,4,5-3-and dual-protein PTEN [EC:3.1.3.3.1.3.3.1.3.67]; iron(III) system ATP-protein [EC:7.2.2.7]; NA"
"tocopherol alpha-",-0.569570609165891,7.44019914587076,13.8016985644046,0.000203152481798447,0.00116987808483933,-0.0975070862651705,7.44019914587076,0.146393855610548,0.70200561749046,0.936031338425584,-0.132670063656249,7.44019914587076,0.301468770946826,0.582963095174837,0.869239615126766,0.948789901389123,7.44019914587076,15.0847866201007,0.000102788350243069,0.000553730790019114,0.170973085813871,7.44019914587076,0.451137911688079,0.501795073036663,0.665077596802561,"C02477","map00130; map01060; map01100; map01110; map01240; map04216; map04977","betaine-dehydrogenase [EC:1.2.1.8]; cephalosporin-deacetylase [EC:3.1.1.41]; sedoheptulose-bisphosphatase [EC:3.1.3.37]; phosphatidylinositol-3,4,5-3-and dual-protein PTEN [EC:3.1.3.3.1.3.3.1.3.67]; uridine nucleosidase [EC:3.2.2.3]; nociceptin receptor; transient potential channel M 2 [EC:3.6.1.13]"
"tetracosanol",0.171414136218478,7.04256326542143,2.4163664105908,0.120073157664381,0.220354036592875,-0.141865628546968,7.04256326542143,0.59428561201198,0.440766667734525,0.861594236911074,-0.259187591655662,7.04256326542143,2.20332162888668,0.137713706742696,0.641711226296858,-0.174322101694642,7.04256326542143,1.02103036561043,0.312274728165006,0.401152920027354,0.230352700242379,7.04256326542143,1.59003176137109,0.207321596064547,0.432783831784742,"",NA,NA
"sucrose",1.86937421351235,10.5084455021404,8.41731225723279,0.00371664813806062,0.0137928942012472,-3.26219842451165,10.5084455021404,11.1262846607783,0.000851129059904886,0.117192744993519,0.0486742410240605,10.5084455021404,0.00363781436303157,0.951905315710563,0.981285109405333,-2.68902483808888,10.5084455021404,8.75285193129395,0.00309118259571343,0.0112223368148727,-2.93046048518301,10.5084455021404,8.92927075167849,0.00280636373570585,0.0585828429828597,"C00089","map00052; map00500; map01100; map01110; map02010; map02060; map04742; map04973","3-dehydrogenase [EC:1.1.1.85]; phenylalanine-4-hydroxylase [EC:1.14.16.1]; sedoheptulose-bisphosphatase [EC:3.1.3.37]; phosphatidylinositol-3,4,5-3-and dual-protein PTEN [EC:3.1.3.3.1.3.3.1.3.67]; iron(III) system ATP-protein [EC:7.2.2.7]; NA; chondroitin 4-12 [EC:2.8.2.5]; transient potential channel V 4"
"stigmasterol",0.184150649969278,7.6836852055563,1.18375795871258,0.276592275640026,0.388158907830961,-0.204285277202458,7.6836852055563,0.53062019450492,0.466346233516406,0.873299302431982,0.143300344709915,7.6836852055563,0.290588515608633,0.589843642283229,0.869994686136,0.765561715526733,7.6836852055563,8.10741435380999,0.00440845643973311,0.0144355338320673,0.264996561673659,7.6836852055563,0.897707081911172,0.343397271639853,0.556770333629665,"C05442","map00100; map01060; map01062; map01100; map01110","butanol dehydrogenase [EC:1.1.1.-]; cephalosporin-deacetylase [EC:3.1.1.41]; platelet-factor acetylhydrolase [EC:3.1.1.47]; sedoheptulose-bisphosphatase [EC:3.1.3.37]; phosphatidylinositol-3,4,5-3-and dual-protein PTEN [EC:3.1.3.3.1.3.3.1.3.67]"
"spiro(4,5)siladecane",-0.408383064171668,7.54603707707484,2.35951543309031,0.124520862833828,0.226032435796188,-0.0915834430256854,7.54603707707484,0.0445426703056953,0.832847205921654,0.96785189401624,-1.30503378933478,7.54603707707484,10.2605817127881,0.00135902820697986,0.08953041941815,0.68277506355736,7.54603707707484,2.74916494421952,0.0973052359519272,0.159313474548743,-0.764161523441412,7.54603707707484,3.01356684152609,0.082570412446008,0.270377625068301,"",NA,NA
"sorbitol",-0.358040551318542,9.30570509135998,4.02029527834241,0.0449558420534233,0.0950332357331859,0.442923406144605,9.30570509135998,2.23755297415703,0.13469398974707,0.573505657777557,0.44788961442984,9.30570509135998,2.51246536694981,0.112949107796566,0.628750033400884,0.678100181508672,9.30570509135998,5.72718167288829,0.0167042699852513,0.044279572818047,0.633258025481953,9.30570509135998,4.55161873529122,0.0328876402851758,0.211481660878242,"C00794","map00051; map00052; map01100; map02010; map02060; map05415","malate dehydrogenase (NADP+) [EC:1.1.1.82]; 3-dehydrogenase [EC:1.1.1.85]; sedoheptulose-bisphosphatase [EC:3.1.3.37]; iron(III) system ATP-protein [EC:7.2.2.7]; NA; interferon beta"
"sophorose",0.348507850896238,7.1793220602816,3.23303563126012,0.0721668009589945,0.145203081447615,-0.434490812990817,7.1793220602816,1.86609081698734,0.171923475426909,0.610877029708377,-0.277283800161011,7.1793220602816,0.856442102506406,0.354736263017704,0.789522352491544,-1.11138460825854,7.1793220602816,13.7394438026125,0.000209997671403457,0.00100198888926792,-0.570136077782778,7.1793220602816,3.18268219671486,0.0744224721239703,0.258928184264646,"C08250",NA,NA
"shikimic acid",-0.494161104878848,7.54294827555447,7.67138067639692,0.00561035117861095,0.0195559474078349,-0.49131761806186,7.54294827555447,2.7756052325928,0.0957104715303591,0.573505657777557,0.0565915520376904,7.54294827555447,0.0411389841477359,0.839269883214115,0.952439162386523,0.116790165342578,7.54294827555447,0.176942408881423,0.674014161278844,0.745432880354748,-0.113670899530498,7.54294827555447,0.150394480138807,0.698158663681803,0.777283312232408,"C00493","map00400; map01060; map01061; map01063; map01070; map01100; map01110; map01230; map01240","methyl M system, A2; cephalosporin-deacetylase [EC:3.1.1.41]; carboxymethylenebutenolidase [EC:3.1.1.45]; juvenile-esterase [EC:3.1.1.59]; S-hydrolase [EC:3.1.2.12]; sedoheptulose-bisphosphatase [EC:3.1.3.37]; phosphatidylinositol-3,4,5-3-and dual-protein PTEN [EC:3.1.3.3.1.3.3.1.3.67]; mannosyl-alpha-1,2-mannosidase [EC:3.2.1.113]; uridine nucleosidase [EC:3.2.2.3]"
"ribose",0.386185337123346,8.11119644844353,5.48062183001213,0.0192284175993774,0.0472227314572944,-0.399797107299038,8.11119644844353,2.18223580935064,0.139611515294258,0.573505657777557,0.0794738648474184,8.11119644844353,0.0956470103615885,0.757117284059736,0.936582121762785,-0.81685584271253,8.11119644844353,10.2405038029599,0.00137390058062741,0.00559613163328726,-0.503766734827953,8.11119644844353,3.45329900558453,0.0631256556778961,0.248998839626948,"C00121","map00030; map01100; map02010; map02030","isocitrate dehydrogenase (NAD+) [EC:1.1.1.41]; sedoheptulose-bisphosphatase [EC:3.1.3.37]; iron(III) system ATP-protein [EC:7.2.2.7]; polar acid system substrate-protein"
"proline",0.00798952248951846,8.74282785311775,0.00366369407740308,0.951734752179188,0.963270930993481,0.00257392462394041,8.74282785311775,0.000139213791346293,0.990586066729291,0.990586066729291,0.290933780099527,8.74282785311775,1.95512417426786,0.162035740595234,0.659999236083028,0.515871622253266,8.74282785311775,6.15918595485397,0.0130731359481575,0.0363868950557051,-0.00458557520381174,8.74282785311775,0.000443287181006724,0.983202271307238,0.989680899012134,"C00148","map00330; map00332; map00333; map00401; map00404; map00970; map01100; map01110; map01230; map02010; map04974; map04978; map05230","NADH-oxidoreductase A [EC:7.1.1.2]; NADH-oxidoreductase C [EC:7.1.1.2]; NADH-oxidoreductase D [EC:7.1.1.2]; methyl-M beta subunit [EC:2.8.4.1]; cytochrome oxidase cbb3-subunit I [EC:7.1.1.9]; poly(A) polymerase [EC:2.7.7.19]; sedoheptulose-bisphosphatase [EC:3.1.3.37]; phosphatidylinositol-3,4,5-3-and dual-protein PTEN [EC:3.1.3.3.1.3.3.1.3.67]; mannosyl-alpha-1,2-mannosidase [EC:3.2.1.113]; iron(III) system ATP-protein [EC:7.2.2.7]; transient potential channel V 5; transient potential channel M 3; defensin, alpha"
"phytosphingosine",1.19267387586037,8.9046989266486,5.41468182647966,0.0199680921496083,0.048328570854849,0.113150132023012,8.9046989266486,0.0228910680741023,0.879740690501926,0.96785189401624,3.61949858920443,8.9046989266486,17.8224421426854,2.42506026775431e-05,0.00404985064714969,0.377529447990695,8.9046989266486,0.285424787205208,0.593167463609168,0.678486071388569,-0.0594789705756538,8.9046989266486,0.00643784358334898,0.93604942037541,0.95317227562618,"C12144","map00600; map01100","glycine hydroxymethyltransferase [EC:2.1.2.1]; sedoheptulose-bisphosphatase [EC:3.1.3.37]"
"phthalic acid",-0.433167011807692,13.4261547941903,2.22316481680603,0.135954115620694,0.243481039116313,-0.231119352613803,13.4261547941903,0.25966495009164,0.610350432016593,0.896645504495431,1.03862606721078,13.4261547941903,5.22557386588773,0.0222571011257747,0.230760447136781,0.48002788371177,13.4261547941903,1.22585556955288,0.268214547749989,0.361224431243936,-0.216401746214912,13.4261547941903,0.227403335285963,0.633455936439305,0.744979868911014,"C01606","map00624; map01100; map01120; map01220; map02010","carnitine O-acetyltransferase [EC:2.3.1.7]; sedoheptulose-bisphosphatase [EC:3.1.3.37]; 3',5'-cyclic-phosphodiesterase [EC:3.1.4.17]; 6-phospho-beta-galactosidase [EC:3.2.1.85]; iron(III) system ATP-protein [EC:7.2.2.7]"
"phosphoethanolamine",0.632252084657593,5.54616476903627,6.6051903396909,0.0101681933959731,0.0292773844332329,0.0708586730561869,5.54616476903627,0.0302726973301191,0.861872920942551,0.96785189401624,0.777754961433242,5.54616476903627,4.0179546288576,0.0450182785952805,0.341729660245993,0.825716416120597,5.54616476903627,4.63195719279781,0.0313817455148319,0.0738134014222102,0.359361037445858,5.54616476903627,0.798485470141266,0.371546575143275,0.572419670280997,"C00346","map00563; map00564; map00600; map01100; map01503; map04071","23S rRNA (guanine745-N1)-methyltransferase [EC:2.1.1.187]; 16S rRNA (guanine1207-N2)-methyltransferase [EC:2.1.1.172]; glycine hydroxymethyltransferase [EC:2.1.2.1]; sedoheptulose-bisphosphatase [EC:3.1.3.37]; NA; NA"
"palmitoleic acid",-0.0635345970387802,6.80194907956858,0.0628815310918611,0.801998199000207,0.847681640715409,-0.411248716188133,6.80194907956858,0.982075093088902,0.321687035532461,0.794239047321621,0.0493869028513674,6.80194907956858,0.0160034476710891,0.899332402130163,0.952439162386523,-0.218103672879158,6.80194907956858,0.306087794479488,0.580090852482115,0.672744252531341,0.371332796330984,6.80194907956858,0.797173684263313,0.371939737132124,0.572419670280997,"C08362","map00061","11-cis-dehydrogenase [EC:1.1.1.315]"
"palatinitol",0.56681838995058,11.5487315289435,15.4088677992578,8.65810326003536e-05,0.000657228747466321,-0.339612502956065,11.5487315289435,2.03361759369323,0.153854012003038,0.573505657777557,-0.250502327507715,11.5487315289435,1.24682610750516,0.264159540450657,0.743338714007401,-1.96989061243156,11.5487315289435,74.8010865147809,5.20610474763605e-18,1.44903248809203e-16,-0.345149572102348,11.5487315289435,2.11388527756186,0.145968304940135,0.380886045703165,"",NA,NA
"p,p-DDE",-0.891582950550178,7.45791585392318,31.2046703350178,2.32206752484492e-08,5.53978966641573e-07,0.357958685992969,7.45791585392318,1.87646439417401,0.170736537100335,0.610877029708377,-0.136968949419238,7.45791585392318,0.304503240355565,0.581072969648492,0.869239615126766,-0.509739538286032,7.45791585392318,4.26549520740127,0.038893911232325,0.0889764818602503,-0.363495899771246,7.45791585392318,1.90203722059454,0.167850466404167,0.410963378253815,"C04596","map00621; map01120; map01220","glucosamine-N-acetyltransferase [EC:2.3.1.4]; 3',5'-cyclic-phosphodiesterase [EC:3.1.4.17]; 6-phospho-beta-galactosidase [EC:3.2.1.85]"
"oxoproline",0.169651524307514,11.0969687929994,1.15244811824203,0.283037258570754,0.393893518177632,-0.16976953260227,11.0969687929994,0.424086406730744,0.514905017658159,0.877440183152169,-0.078841049854222,11.0969687929994,0.102367804480977,0.749006468497388,0.933503711884448,0.159833173643119,11.0969687929994,0.421720722078661,0.516079683859203,0.615609337174906,-0.529831434274251,11.0969687929994,4.1601330808248,0.0413861521746089,0.211481660878242,"C01879","map00480; map01100","salicylate hydroxylase [EC:1.14.13.1]; sedoheptulose-bisphosphatase [EC:3.1.3.37]"
"oleic acid",1.14611328486753,10.0031550445808,12.5783171484162,0.000390247968694632,0.00203660658662511,-1.19983240954997,10.0031550445808,5.71954033290165,0.0167771221311898,0.389359137335344,-0.492997884199217,10.0031550445808,1.12894287854348,0.288000937145964,0.743338714007401,-0.820512873444862,10.0031550445808,2.93652211325857,0.0865970039284427,0.147568363837244,-0.958822152320597,10.0031550445808,3.42764475168703,0.0641134736763998,0.248998839626948,"C00712","map00061; map00073; map01040; map01060; map04212","11-cis-dehydrogenase [EC:1.1.1.315]; ureidoglycolate dehydrogenase (NAD+) [EC:1.1.1.350]; glutaconate CoA-transferase, B [EC:2.8.3.12]; cephalosporin-deacetylase [EC:3.1.1.41]; neurotensin 2"
"oleamide",-0.417265474428728,9.72082433641868,4.26838164813542,0.0388278934886292,0.0842111456181959,0.786673688150138,9.72082433641868,5.53385796869841,0.0186519347226512,0.389359137335344,0.1325552532294,9.72082433641868,0.178398820214632,0.672752895364339,0.899057133036812,1.03782227803123,9.72082433641868,10.5065009776769,0.00118955292386631,0.00496638345714186,0.579560541532499,9.72082433641868,3.06301743583859,0.0800928078321326,0.267509978159323,"C19670",NA,NA
"octadecylglycerol",0.811458198997288,7.06520835410004,6.18238965845533,0.0129027903407926,0.0353240325723338,-0.997595242413786,7.06520835410004,3.70967897885085,0.054097794629672,0.440061714140794,-0.573743505913457,7.06520835410004,1.45048696795408,0.228449830460434,0.743338714007401,-0.351388567479348,7.06520835410004,0.502695922211373,0.47831794649228,0.57883403669718,-1.32719346915372,7.06520835410004,6.30646880222481,0.0120298205554966,0.182634548433448,"C13858",NA,NA
"N-formylglycine",-0.550519685556878,10.6247260980448,6.9984602977846,0.00815798547077171,0.0247706104294341,0.905473054950511,10.6247260980448,6.89639886230775,0.00863695525087658,0.288474305379278,-0.125954817294195,10.6247260980448,0.15099382820781,0.69758742396953,0.904056392293921,0.967639653398475,10.6247260980448,8.51329953260249,0.00352560217911753,0.0122661575815131,0.246166811095511,10.6247260980448,0.512925986980278,0.47387495465808,0.642584338488126,"",NA,NA
"N-acetylmannosamine",0.0372799125888382,7.91460084093878,0.0522641091159031,0.81916937049689,0.860385439452708,0.0375611388002962,7.91460084093878,0.0195363203547103,0.888839830547133,0.96785189401624,0.202072564921491,7.91460084093878,0.623720577938577,0.429668046849182,0.801525899996604,-0.669011165466199,7.91460084093878,6.93979917093159,0.00842985772935281,0.0260982094228937,0.0984392510525594,7.91460084093878,0.134231900052519,0.714083989588966,0.789748518287135,"",NA,NA
"N-acetylaspartate diethylester",-0.625639763927966,14.4046653690998,7.59096259248356,0.00586616189927685,0.0195559474078349,-0.205811651981046,14.4046653690998,0.310049271419288,0.577649952006897,0.896437398408954,-0.499154367316643,14.4046653690998,1.99783836147203,0.15752371710398,0.659999236083028,-0.0751998711947885,14.4046653690998,0.0460351872462326,0.830111848129638,0.86642924148531,-0.261538252465558,14.4046653690998,0.496648849195097,0.480976301263567,0.642584338488126,"",NA,NA
"myristic acid",-0.535051688676631,11.7364843659899,13.1829435888818,0.00028250865203216,0.00152190144804421,-0.129234961135448,11.7364843659899,0.281860208711414,0.595484554223472,0.896645504495431,-0.0900057785762525,11.7364843659899,0.152954150159879,0.695728101964272,0.904056392293921,0.342588927437092,11.7364843659899,2.17734950099538,0.140055479194312,0.220653443636321,0.10261243281119,11.7364843659899,0.178284453725638,0.672851717922502,0.773058204582982,"C06424","map00061; map01100","11-cis-dehydrogenase [EC:1.1.1.315]; sedoheptulose-bisphosphatase [EC:3.1.3.37]"
"montanic acid",-0.24369045861347,9.28250422298009,2.4575924350144,0.116957927668119,0.217021932450843,0.300010606908939,9.28250422298009,1.36809636286295,0.242139224323471,0.68537712647491,0.0702405484032623,9.28250422298009,0.082504409678819,0.773931769774655,0.949421785579093,0.711655065509169,9.28250422298009,8.36230276500437,0.00383084802833705,0.0130561555251487,0.721394120635882,9.28250422298009,7.85793838672436,0.00505980533341482,0.093887498964475,"",NA,NA
"melezitose",0.100447374570887,6.91898042773526,0.275172466253856,0.599882953944488,0.663166385482316,0.00476459952168387,6.91898042773526,0.000228414927853748,0.987941708726742,0.990586066729291,0.719505079793888,6.91898042773526,5.65178636759423,0.0174375997456567,0.223035224647045,-0.757161529011316,6.91898042773526,6.41351884283756,0.0113254755603152,0.0331816564661866,-0.160019112407632,6.91898042773526,0.255705546380376,0.613085973203578,0.743942041597166,"C08243",NA,NA
"mannose",0.457450677740876,8.16046510308873,6.11255614600707,0.0134224869121369,0.0359573342881595,0.220217128222426,8.16046510308873,0.531953549430185,0.465786702792904,0.873299302431982,0.248823707161865,8.16046510308873,0.747068762162868,0.387405867818624,0.789522352491544,-0.210644348713037,8.16046510308873,0.544253902487668,0.46067509852221,0.561552857322694,-0.260118589124123,8.16046510308873,0.743365325758049,0.388584972344498,0.579407949835099,"C00159","map00051; map00052; map00520; map01100; map02010; map02060; map04142; map04625","malate dehydrogenase (NADP+) [EC:1.1.1.82]; 3-dehydrogenase [EC:1.1.1.85]; mercuric reductase [EC:1.16.1.1]; sedoheptulose-bisphosphatase [EC:3.1.3.37]; iron(III) system ATP-protein [EC:7.2.2.7]; NA; adrenergic beta-2; taste type member 2"
"maltotriitol",0.0808308481308561,10.4319995401644,0.248216790053398,0.618333498537721,0.67491303435163,-0.155745229425091,10.4319995401644,0.342431909366212,0.558428830126657,0.896437398408954,-0.212152663639551,10.4319995401644,0.709278398076663,0.399683470362951,0.789522352491544,-0.95568109125364,10.4319995401644,14.3680807217545,0.000150329124602961,0.000784530119021702,-0.0948066461715208,10.4319995401644,0.12622912218103,0.72237430908206,0.793661247478316,"",NA,NA
"maltitol",1.23564137559441,6.98218504180298,24.5068610876061,7.40456952231228e-07,9.51202392481655e-06,0.424984710419322,6.98218504180298,1.12303907289191,0.289265002826792,0.766781832890067,0.419797243565146,6.98218504180298,1.20695728024708,0.271935563046655,0.743338714007401,0.0393536205117236,6.98218504180298,0.0107455117270945,0.917438726434002,0.928559195845323,0.497833557558331,6.98218504180298,1.52444569039575,0.216947965449873,0.439370156521672,"D04845",NA,NA
"lyxitol",-0.112477649057164,7.22779610668913,0.418096164656077,0.517888552961055,0.603839829165332,0.594864765544335,7.22779610668913,4.3324313769376,0.0373927960254662,0.416306462416858,-0.143583850056679,7.22779610668913,0.277209774677395,0.598535888349353,0.869994686136,0.106532153313097,7.22779610668913,0.154945244462986,0.693853602826276,0.752425660207715,-0.341314500597233,7.22779610668913,1.4137685714796,0.234431795014809,0.455233834505502,"C00532","map00040; map01100","fructuronate reductase [EC:1.1.1.57]; sedoheptulose-bisphosphatase [EC:3.1.3.37]"
"lignoceric acid",-0.138732904061517,9.513234978869,1.72840344389726,0.188614920997693,0.302872036602064,0.00316933689024785,9.513234978869,0.000327362285336363,0.985564537971923,0.990586066729291,-0.0374078703114345,9.513234978869,0.0506430513280911,0.821948070787723,0.952439162386523,0.504462719246657,9.513234978869,9.10939264908909,0.00254300294073415,0.00965185207051371,0.351770591278498,9.513234978869,4.03315562280141,0.0446144168367148,0.211481660878242,"C08320","map01040","glutaconate CoA-transferase, B [EC:2.8.3.12]"
"leucine",1.17208766750063,9.2619045372862,16.4653123811698,4.95483584715173e-05,0.00041372879323717,-0.381077134640181,9.2619045372862,0.729424703071302,0.393069728186532,0.819077292081351,0.529815761308816,9.2619045372862,1.5337232099648,0.215554516258926,0.737327756936417,-0.206360815747537,9.2619045372862,0.229336007239766,0.632016606730238,0.708367606201005,-0.923010618770265,9.2619045372862,4.0937278082781,0.0430426109246004,0.211481660878242,"C00123","map00280; map00290; map00966; map00970; map01060; map01065; map01100; map01110; map01210; map01230; map02010; map04150; map04974; map04978; map05131; map05230","lysyl oxidase-protein 2/3/4 [EC:1.4.3.-]; saccharopine dehydrogenase (NAD+, L-forming) [EC:1.5.1.7]; mannose-1-guanylyltransferase [EC:2.7.7.13]; poly(A) polymerase [EC:2.7.7.19]; cephalosporin-deacetylase [EC:3.1.1.41]; acyloxyacyl hydrolase [EC:3.1.1.77]; sedoheptulose-bisphosphatase [EC:3.1.3.37]; phosphatidylinositol-3,4,5-3-and dual-protein PTEN [EC:3.1.3.3.1.3.3.1.3.67]; glucan 1,3-beta-glucosidase [EC:3.2.1.58]; mannosyl-alpha-1,2-mannosidase [EC:3.2.1.113]; iron(III) system ATP-protein [EC:7.2.2.7]; histamine H2; transient potential channel V 5; transient potential channel M 3; interferon 2; defensin, alpha"
"lactose",-0.35633881876739,8.20825105835258,5.26321574712721,0.0217807388212631,0.051962619759299,-0.126613278377567,8.20825105835258,0.242454511743887,0.622438930577356,0.898087594663656,0.0512932509696358,8.20825105835258,0.0442458509426018,0.833396872605948,0.952439162386523,-0.858333602421252,8.20825105835258,12.5011312849883,0.00040670566667453,0.00183567152255801,0.104157098107197,8.20825105835258,0.164435264188675,0.685105474720248,0.773058204582982,"C01970",NA,NA
"isopentadecanoic acid",-0.095821104563689,10.7442305608916,0.720530066914108,0.395970092634525,0.485493200538434,-0.0394678242473866,10.7442305608916,0.0444645269615727,0.832991730164561,0.96785189401624,0.158252214369008,10.7442305608916,0.790514448267409,0.373944612974049,0.789522352491544,0.302270025021207,10.7442305608916,2.87423730611997,0.0900076089013959,0.150312706865331,-0.0478660216193557,10.7442305608916,0.0653900305677659,0.798171109134405,0.865549189775621,"",NA,NA
"isopalmitic acid",-0.113595064119625,9.01028368470653,0.626855470751529,0.428511099314498,0.517266144417926,-0.116759836845897,9.01028368470653,0.240533132611148,0.623821323239426,0.898087594663656,-0.113420747804928,9.01028368470653,0.253348955763105,0.614726784215856,0.869994686136,0.375923405325843,9.01028368470653,2.75385489719121,0.0970202585415215,0.159313474548743,-0.0270850235876195,9.01028368470653,0.0129639429971569,0.909349319830952,0.950169281478647,"",NA,NA
"isoleucine",-1.64085325247313,12.1181282271979,8.0874253546388,0.00445734393008628,0.016182096441835,1.05660887952878,12.1181282271979,1.4600075618179,0.2269289175898,0.68537712647491,1.67300162031652,12.1181282271979,3.84251461548369,0.0499685272390048,0.362814958648426,3.53864556642797,12.1181282271979,15.6087899365252,7.78916599944625e-05,0.000448548524795698,1.51202428105138,12.1181282271979,2.74912838086107,0.0973074612468565,0.290184750504018,"C00407","map00280; map00290; map00460; map00960; map00966; map00970; map01060; map01064; map01100; map01110; map01210; map01230; map02010; map04974; map04978; map05131; map05230","lysyl oxidase-protein 2/3/4 [EC:1.4.3.-]; saccharopine dehydrogenase (NAD+, L-forming) [EC:1.5.1.7]; arachidonate 15-lipoxygenase [EC:1.13.11.33]; NA; mannose-1-guanylyltransferase [EC:2.7.7.13]; poly(A) polymerase [EC:2.7.7.19]; cephalosporin-deacetylase [EC:3.1.1.41]; wingless-MMTV site family, 9; sedoheptulose-bisphosphatase [EC:3.1.3.37]; phosphatidylinositol-3,4,5-3-and dual-protein PTEN [EC:3.1.3.3.1.3.3.1.3.67]; glucan 1,3-beta-glucosidase [EC:3.2.1.58]; mannosyl-alpha-1,2-mannosidase [EC:3.2.1.113]; iron(III) system ATP-protein [EC:7.2.2.7]; transient potential channel V 5; transient potential channel M 3; interferon 2; defensin, alpha"
"isoheptadecanoic acid",-0.144526995478572,9.03556589822004,0.965165991637424,0.3258887328271,0.431931891921632,0.0222335006671723,9.03556589822004,0.00832901906887074,0.927283251752087,0.96785189401624,0.20484205212556,9.03556589822004,0.781257945001361,0.37675669142063,0.789522352491544,0.707338538421134,9.03556589822004,9.16453760800349,0.00246749973457837,0.00958308036452531,0.151168425074864,9.03556589822004,0.383812642960379,0.535569804421734,0.688001210295612,"",NA,NA
"inositol-4-monophosphate",0.0303423724698651,8.17518156913419,0.0425332308809701,0.836606675898712,0.873017663348182,0.149951683631153,8.17518156913419,0.380947708936446,0.537096474520428,0.895575032738227,0.414472054429262,8.17518156913419,3.19855659115799,0.0737032919191922,0.492337990020204,-0.60503297497175,8.17518156913419,6.93787266264425,0.0084389419690794,0.0260982094228937,-0.519538376243811,8.17518156913419,4.52244349187058,0.0334530210073439,0.211481660878242,"C03546","map00562; map01100; map04070","methyltransferase [EC:2.1.1.2.1.1.96]; sedoheptulose-bisphosphatase [EC:3.1.3.37]; putative formate activating enzyme [EC:1.97.1.4]"
"glycine",0.352087014671846,6.87065155364945,2.46713201631189,0.116249869078852,0.217021932450843,-0.533005073148217,6.87065155364945,2.10969695537988,0.146368300584199,0.573505657777557,-0.271684180018951,6.87065155364945,0.616001656380185,0.432536987792721,0.801525899996604,0.0618266082121377,6.87065155364945,0.0320688075289581,0.857876724897343,0.878928914465376,-0.375450652714528,6.87065155364945,1.05738335757234,0.303812739960993,0.528507578890477,"C00037","map00120; map00230; map00260; map00310; map00440; map00460; map00480; map00630; map00680; map00730; map00860; map00970; map00997; map01060; map01100; map01110; map01120; map01200; map01230; map01240; map01502; map02010; map02026; map04080; map04721; map04974; map04978; map05230","F420-hydroxymycolic dehydrogenase [EC:1.1.98.-]; menaquinone-protoporphyrinogen oxidase [EC:1.3.5.3]; glutamate dehydrogenase [EC:1.4.1.2]; pyrimidodiazepine synthase [EC:1.5.4.1]; coenzyme hydrogenase alpha [EC:1.12.98.1]; arachidonate 15-lipoxygenase [EC:1.13.11.33]; salicylate hydroxylase [EC:1.14.13.1]; glycerol-3-O-acyltransferase [EC:2.3.1.15]; uncharacterized N-acetyltransferase [EC:2.3.1.-]; oligosaccharyl complex OST4; adenylylsulfate kinase [EC:2.7.1.25]; poly(A) polymerase [EC:2.7.7.19]; holo-[acyl-protein] synthase [EC:2.7.8.7]; cephalosporin-deacetylase [EC:3.1.1.41]; sedoheptulose-bisphosphatase [EC:3.1.3.37]; phosphatidylinositol-3,4,5-3-and dual-protein PTEN [EC:3.1.3.3.1.3.3.1.3.67]; 3',5'-cyclic-phosphodiesterase [EC:3.1.4.17]; pullulanase [EC:3.2.1.41]; mannosyl-alpha-1,2-mannosidase [EC:3.2.1.113]; uridine nucleosidase [EC:3.2.2.3]; aliphatic nitrilase [EC:3.5.5.7]; iron(III) system ATP-protein [EC:7.2.2.7]; multiple transport permease protein; molecular IbpA; tumor factor superfamily 10; transient potential channel V 5; transient potential channel M 3; defensin, alpha"
"glycerol",-0.202531759095204,13.0751994252613,1.94203608285038,0.163447629855953,0.272957541859441,-0.22394247409758,13.0751994252613,0.866456177063924,0.35193826048982,0.794239047321621,-0.0563815571499112,13.0751994252613,0.0611741042577023,0.80464975296822,0.952439162386523,0.28793354493916,13.0751994252613,1.58089280908524,0.208632138423005,0.292786278291107,-0.0428655297599527,13.0751994252613,0.0317899329226066,0.858489486499234,0.913170345511924,"C00116","map00040; map00052; map00561; map01100; map02010; map04714; map04723; map04923","fructuronate reductase [EC:1.1.1.57]; 3-dehydrogenase [EC:1.1.1.85]; 23S rRNA (adenine-N6)-dimethyltransferase [EC:2.1.1.184]; sedoheptulose-bisphosphatase [EC:3.1.3.37]; iron(III) system ATP-protein [EC:7.2.2.7]; shingomyelin synthase [EC:2.7.8.27]; interleukin receptor protein; potassium subfamily member 15"
"glyceric acid",-0.0998654608442084,8.12205295349278,0.737284682719942,0.39053208181273,0.485493200538434,-0.43263364811129,8.12205295349278,4.96262998058268,0.0259007862725381,0.398428827615164,-0.226437095457295,8.12205295349278,1.52847358403123,0.216341677184937,0.737327756936417,0.565666892950824,8.12205295349278,9.46737731230077,0.00209158194632883,0.00831652821516462,-0.0832341269402832,8.12205295349278,0.185691549117454,0.666526960177815,0.773058204582982,"C00258","map00030; map00260; map00561; map00630; map00680; map01100; map01110; map01120; map01200","isocitrate dehydrogenase (NAD+) [EC:1.1.1.41]; glutamate dehydrogenase [EC:1.4.1.2]; 23S rRNA (adenine-N6)-dimethyltransferase [EC:2.1.1.184]; glycerol-3-O-acyltransferase [EC:2.3.1.15]; uncharacterized N-acetyltransferase [EC:2.3.1.-]; sedoheptulose-bisphosphatase [EC:3.1.3.37]; phosphatidylinositol-3,4,5-3-and dual-protein PTEN [EC:3.1.3.3.1.3.3.1.3.67]; 3',5'-cyclic-phosphodiesterase [EC:3.1.4.17]; pullulanase [EC:3.2.1.41]"
"glucose",1.45026568408052,10.4362724630696,14.6958306298087,0.000126325538005888,0.000863818566319411,-0.126957380855267,10.4362724630696,0.0513345023204224,0.820757199885541,0.96785189401624,0.747257639777845,10.4362724630696,1.86723717634845,0.171791844829365,0.667191583407068,-0.713227195589766,10.4362724630696,1.72664907513846,0.188839407950615,0.274227661980458,-0.747601147649704,10.4362724630696,1.69517531240844,0.192920151681487,0.419894651688144,"C00221","map00010; map00030; map01100; map01110; map01120; map01200","myo-2-dehydrogenase / D-chiro-1-dehydrogenase [EC:1.1.1.1.1.1.369]; isocitrate dehydrogenase (NAD+) [EC:1.1.1.41]; sedoheptulose-bisphosphatase [EC:3.1.3.37]; phosphatidylinositol-3,4,5-3-and dual-protein PTEN [EC:3.1.3.3.1.3.3.1.3.67]; 3',5'-cyclic-phosphodiesterase [EC:3.1.4.17]; pullulanase [EC:3.2.1.41]"
"galactinol",-0.0224571337776612,13.3932200660377,0.0296368664382385,0.863316764868318,0.884502452349749,-0.48472191609685,13.3932200660377,5.02347593555476,0.0250059233992812,0.398428827615164,-0.50361057252238,13.3932200660377,6.10473512319692,0.0134820155570127,0.18762471650176,-1.93791778325241,13.3932200660377,87.6380929248676,7.85962764963747e-21,2.62511563497891e-19,-0.43180373851008,13.3932200660377,3.99672143727824,0.0455888610276449,0.211481660878242,"C01235","map00052; map01100","3-dehydrogenase [EC:1.1.1.85]; sedoheptulose-bisphosphatase [EC:3.1.3.37]"
"fucose",-0.00894445979304614,6.82713591158596,0.00278738821111091,0.957894670478437,0.963665120300597,-0.183467017655955,6.82713591158596,0.426054527662366,0.51393130931412,0.877440183152169,-0.29553576934313,6.82713591158596,1.23501838612293,0.266433296729816,0.743338714007401,-0.377949580144073,6.82713591158596,2.04144463595771,0.153064221132045,0.232379317536833,-0.325693578238849,6.82713591158596,1.33632674180742,0.247682794928544,0.465477996111731,"C02095",NA,NA
"fructose",2.22676109444107,10.259799093602,10.165178753734,0.00143118038553414,0.00618194989628792,-3.24680288686648,10.259799093602,10.2011829582205,0.00140350592806609,0.117192744993519,0.230899187974842,10.259799093602,0.0788463189281998,0.778866973798418,0.949421785579093,-2.51193479694214,10.259799093602,6.51623913582006,0.0106893814045794,0.031877262402942,-3.30311810021286,10.259799093602,9.58537510736363,0.00196133364269918,0.0516150476424462,"C02336","map00520","mercuric reductase [EC:1.16.1.1]"
"ethanolamine",0.259748037362761,10.9339209093938,2.86582480627454,0.0904793168250964,0.177765245997542,-0.110953143917741,10.9339209093938,0.191866774295868,0.661367437950909,0.912796381304148,0.140768929610315,10.9339209093938,0.342140492761622,0.558596287074858,0.850735734786986,0.056615557634099,10.9339209093938,0.0552339629404059,0.814193932523912,0.855159664977946,-0.211000831757869,10.9339209093938,0.692728312098403,0.405237928105142,0.588475947770076,"C00189","map00564; map01100; map04723","16S rRNA (guanine1207-N2)-methyltransferase [EC:2.1.1.172]; sedoheptulose-bisphosphatase [EC:3.1.3.37]; interleukin receptor protein"
"dihydrocholesterol",0.831620378475316,7.03466942056522,26.5830586957968,2.52447742395842e-07,3.92957718453075e-06,-0.18599274954858,7.03466942056522,0.482978984892924,0.487076048472969,0.876485582466472,0.270192404150486,7.03466942056522,1.13072537120122,0.287620668794281,0.743338714007401,0.435757349013472,7.03466942056522,2.97648089711407,0.0844827764168389,0.145449728470228,0.44092643651594,7.03466942056522,2.75448790670912,0.0969818644755757,0.290184750504018,"C12978",NA,NA
"cholesterol",1.18038062516703,10.305345844311,30.3858366952539,3.54104188646251e-08,6.57059994488044e-07,-0.461952213911873,10.305345844311,1.77379956080673,0.182912551638608,0.636383252575989,-0.00850004530490158,10.305345844311,0.000668571366610138,0.97937159937639,0.993608935485695,-0.141778755652735,10.305345844311,0.183006869672866,0.668801817725822,0.744599357068082,-0.0378701275598697,10.305345844311,0.0118914589554606,0.913164445538682,0.950169281478647,"C00187","map00100; map00120; map00140; map00981; map00984; map01066; map01100; map01120; map04913; map04925; map04927; map04934; map04975; map04976; map04977; map04979; map05200; map05217; map05417","butanol dehydrogenase [EC:1.1.1.-]; F420-hydroxymycolic dehydrogenase [EC:1.1.98.-]; malonate-dehydrogenase (acetylating) / methylmalonate-dehydrogenase [EC:1.2.1.1.2.1.27]; phosphatidate cytidylyltransferase [EC:2.7.7.41]; streptomycin 3""-adenylyltransferase [EC:2.7.7.47]; acetyl esterase [EC:3.1.1.-]; sedoheptulose-bisphosphatase [EC:3.1.3.37]; 3',5'-cyclic-phosphodiesterase [EC:3.1.4.17]; potassium subfamily member 2; potassium subfamily member 17; potassium voltage-channel KQT-subfamily 2; potassium subfamily member 1; transient potential channel V 6; transient potential channel M 1; transient potential channel M 2 [EC:3.6.1.13]; transient potential channel M 4; glutamate 4; P2X 3; interleukin 11"
"cerotinic acid",0.159033201110558,8.9767448311275,1.70106459048577,0.192148810733369,0.30560810849974,-0.238474217447256,8.9767448311275,1.38642076365367,0.2390104781053,0.68537712647491,-0.220470241466522,8.9767448311275,1.32400205314586,0.249875068356336,0.743338714007401,0.302933191921572,8.9767448311275,2.47896918243719,0.11537784866786,0.183505721214596,0.488844107427713,8.9767448311275,5.8414492406998,0.0156529287237031,0.189994355098992,"",NA,NA
"campesterol",0.783094123346292,9.44383985831074,17.7851158500379,2.47310374228322e-05,0.000217372802611209,0.146133413580762,9.44383985831074,0.230805829750487,0.630926960600669,0.900553866840271,0.661869629441299,9.44383985831074,5.13185684741235,0.0234905844390735,0.230760447136781,0.729534086873215,9.44383985831074,6.24001907185759,0.0124895130944534,0.0359611842547193,0.403273830398225,9.44383985831074,1.7429871800605,0.18676077597233,0.419894651688144,"C01789","map00100; map00905; map01060; map01062; map01070; map01100; map01110","butanol dehydrogenase [EC:1.1.1.-]; DEFINITION [3-methyl-2-dehydrogenase (acetyl-transferring)] kinase [EC:2.7.11.4]; cephalosporin-deacetylase [EC:3.1.1.41]; platelet-factor acetylhydrolase [EC:3.1.1.47]; S-hydrolase [EC:3.1.2.12]; sedoheptulose-bisphosphatase [EC:3.1.3.37]; phosphatidylinositol-3,4,5-3-and dual-protein PTEN [EC:3.1.3.3.1.3.3.1.3.67]"
"beta-sitosterol",1.28041454680578,11.2321066017687,52.3553924684745,4.63125115098944e-13,3.86709471107618e-11,-0.417040615127666,11.2321066017687,2.12193798908699,0.145202707648852,0.573505657777557,0.138332156996421,11.2321066017687,0.259480865147907,0.610477031846275,0.869994686136,0.586670099025834,11.2321066017687,4.57643886703448,0.0324145128766103,0.0751836618110267,0.254968861748376,11.2321066017687,0.795085806266059,0.372566706096223,0.572419670280997,"C01753","map00100; map01060; map01062; map01100; map01110","butanol dehydrogenase [EC:1.1.1.-]; cephalosporin-deacetylase [EC:3.1.1.41]; platelet-factor acetylhydrolase [EC:3.1.1.47]; sedoheptulose-bisphosphatase [EC:3.1.3.37]; phosphatidylinositol-3,4,5-3-and dual-protein PTEN [EC:3.1.3.3.1.3.3.1.3.67]"
"beta-mannosylglycerate",-0.256808063934447,14.6294865423671,4.16511815252278,0.0412645348860546,0.0883484272560399,-0.0946127995773926,14.6294865423671,0.206394346320735,0.649608277632068,0.911635145920633,-0.235418542313307,14.6294865423671,1.427545866684,0.232165372232265,0.743338714007401,-2.38522344247068,14.6294865423671,139.180337888192,4.02215253807289e-32,6.71699473858173e-30,-0.402051014388764,14.6294865423671,3.7195359128944,0.0537793166074635,0.22452864683616,"C11544","map00051; map01100; map02060","malate dehydrogenase (NADP+) [EC:1.1.1.82]; sedoheptulose-bisphosphatase [EC:3.1.3.37]; NA"
"beta-gentiobiose",0.219394332344368,5.95275448747255,0.30126458633648,0.583090722750723,0.649176263449473,-0.32093035393521,5.95275448747255,0.263570680868064,0.607677593340586,0.896645504495431,0.90866800231104,5.95275448747255,2.32856949986293,0.127018555232921,0.641711226296858,0.0526758319265021,5.95275448747255,0.0078102503367603,0.929578137317783,0.935178005614878,-0.257023366574971,5.95275448747255,0.168855118262933,0.681131310977239,0.773058204582982,"C08240",NA,NA
"alanine",1.24232475049208,10.4146504779231,22.5466717951946,2.05099552891153e-06,2.28344168885484e-05,-0.387266475435552,10.4146504779231,0.902368991587423,0.342147290692601,0.794239047321621,0.0057559060543335,10.4146504779231,0.00021649674192048,0.988260487200861,0.993608935485695,-0.0719225242094859,10.4146504779231,0.0347711865992864,0.852075938483747,0.878374578560406,-0.994154750771592,10.4146504779231,5.87103836350796,0.0153919704577933,0.189994355098992,"C00041","map00250; map00270; map00430; map00450; map00473; map00710; map00970; map00998; map01060; map01100; map01110; map01120; map01200; map01230; map01502; map02010; map04122; map04974; map04978; map05230","NA; phenylalanine dehydrogenase [EC:1.4.1.20]; peroxidase [EC:1.11.1.7]; gentisate 1,2-dioxygenase [EC:1.13.11.4]; procollagen-lysine,2-5-1 [EC:1.14.11.4]; polypeptide N-acetylgalactosaminyltransferase [EC:2.4.1.41]; poly(A) polymerase [EC:2.7.7.19]; CDP-diacylglycerol---O-phosphatidyltransferase [EC:2.7.8.8]; cephalosporin-deacetylase [EC:3.1.1.41]; sedoheptulose-bisphosphatase [EC:3.1.3.37]; phosphatidylinositol-3,4,5-3-and dual-protein PTEN [EC:3.1.3.3.1.3.3.1.3.67]; 3',5'-cyclic-phosphodiesterase [EC:3.1.4.17]; pullulanase [EC:3.2.1.41]; mannosyl-alpha-1,2-mannosidase [EC:3.2.1.113]; aliphatic nitrilase [EC:3.5.5.7]; iron(III) system ATP-protein [EC:7.2.2.7]; ent-oxidase [EC:1.14.14.86]; transient potential channel V 5; transient potential channel M 3; defensin, alpha"
"adenosine",0.777106160150411,8.00904360701077,10.1000124135034,0.00148268325575077,0.00619020259275946,-0.440739016182765,8.00904360701077,1.25924418557078,0.26179420443637,0.714126835674366,0.332499984810371,8.00904360701077,0.796024860456214,0.372284534748684,0.789522352491544,-0.528708786771531,8.00904360701077,2.01613811475373,0.155634529526296,0.234152850728751,-0.394096211927749,8.00904360701077,1.01732677979402,0.313153944774294,0.539141327601103,"C00212","map00230; map01100; map02010; map04022; map04024; map04071; map04080; map04270; map04923; map04924; map05012; map05032; map05034","menaquinone-protoporphyrinogen oxidase [EC:1.3.5.3]; sedoheptulose-bisphosphatase [EC:3.1.3.37]; iron(III) system ATP-protein [EC:7.2.2.7]; alcohol dehydrogenase; ethanolamine protein EutJ; NA; molecular IbpA; P2Y 1; potassium subfamily member 15; potassium subfamily member 16; chloride 3/4/5; ATP-cassette C (CFTR/MRP) 8; solute family 6 (transporter, GABA) 1"
"adenine",0.381597844689255,5.99682960950198,4.32538998021636,0.0375478093108133,0.0825063704592872,0.652396409965605,5.99682960950198,4.52736627408422,0.0333569161087844,0.404336210566502,0.725730507446571,5.99682960950198,6.12848139469684,0.0133021081088165,0.18762471650176,0.216506794614589,5.99682960950198,0.557725558088102,0.455178104046189,0.55893193658613,0.237830463007655,5.99682960950198,0.597663943251234,0.439470728205062,0.616736232018868,"C00147","map00230; map00908; map01100","menaquinone-protoporphyrinogen oxidase [EC:1.3.5.3]; calcium/calmodulin-protein kinase 1 [EC:2.7.11.17]; sedoheptulose-bisphosphatase [EC:3.1.3.37]"
"6-deoxyglucose",-0.0290567291761482,10.9362098041281,0.0251988674852015,0.873872531348653,0.88985800448308,0.0909818736826092,10.9362098041281,0.0916887696842608,0.762041113436791,0.96785189401624,-0.0654934321551478,10.9362098041281,0.0528717391910973,0.818139516135844,0.952439162386523,-0.30202952888583,10.9362098041281,1.11548270625079,0.29089322756211,0.385548960340256,-0.267847637350295,10.9362098041281,0.791605052013438,0.37361523389598,0.572419670280997,"C08352",NA,NA
"4-hydroxybutyric acid",-0.153845736149817,7.40440051155294,1.62759547744952,0.202035950621187,0.306654786083631,0.197273473404411,7.40440051155294,0.965566511289175,0.325788372694559,0.794239047321621,0.249691303558908,7.40440051155294,1.70890165152316,0.191127937627041,0.71031110243097,0.0764590568152211,7.40440051155294,0.16237791359498,0.68697659930466,0.752425660207715,0.00409779751190447,7.40440051155294,0.000414607525808464,0.983754666083917,0.989680899012134,"C00989","map00650; map00720; map01100; map01120; map01200","lecithin-acyltransferase [EC:2.3.1.43]; ceramide glucosyltransferase [EC:2.4.1.80]; sedoheptulose-bisphosphatase [EC:3.1.3.37]; 3',5'-cyclic-phosphodiesterase [EC:3.1.4.17]; pullulanase [EC:3.2.1.41]"
"4-aminobutyric acid",0.897091083274351,6.2103171866664,14.0874535621479,0.000174503906454889,0.00104079115635594,-0.599657765703797,6.2103171866664,2.43935063498665,0.118325199531336,0.573505657777557,-0.735341666190697,6.2103171866664,4.12728294663631,0.042197049690052,0.335567014201842,-0.0199563121571038,6.2103171866664,0.00279363930594201,0.957847527373246,0.957847527373246,-1.41944803679259,6.2103171866664,13.1299631998072,0.000290610481294046,0.0241455738784046,"C00334","map00250; map00330; map00410; map00650; map00760; map01100; map01120; map02024; map04024; map04080; map04721; map04723; map04727; map04742; map04915; map04929; map05032; map05033","NA; NADH-oxidoreductase A [EC:7.1.1.2]; ubiquinol-c cytochrome b/subunit; lecithin-acyltransferase [EC:2.3.1.43]; hypoxanthine phosphoribosyltransferase [EC:2.4.2.8]; sedoheptulose-bisphosphatase [EC:3.1.3.37]; 3',5'-cyclic-phosphodiesterase [EC:3.1.4.17]; maltoporin; ethanolamine protein EutJ; molecular IbpA; tumor factor superfamily 10; interleukin receptor protein; apoptosis-factor 1 [EC:1.-.-.-]; chondroitin 4-12 [EC:2.8.2.5]; potassium subfamily member 4; potassium voltage-channel KQT-subfamily 4; ATP-cassette C (CFTR/MRP) 8; ATP-cassette C (CFTR/MRP) 9"
"4',5-dihydroxy-7-glucosyloxyflavanone ",0.26440189566974,6.15777063483965,1.02458123780753,0.311434785986823,0.419432332740318,0.505526504476602,6.15777063483965,1.37486548518036,0.240977681880867,0.68537712647491,0.359358687691222,6.15777063483965,0.773125492492738,0.3792518895558,0.789522352491544,0.792917237384001,6.15777063483965,3.70905848982784,0.0541179093955422,0.105428498467409,0.574451043936528,6.15777063483965,1.79403293195847,0.180435561560695,0.419894651688144,"C09099","map00941","hydroxymethylpyrimidine/kinase [EC:2.7.1.2.7.4.7]"
"3,4-dihydroxycinnamic acid",-0.825738977474618,7.52976625043399,11.8747903659802,0.00056898873988232,0.00279473881059845,-0.745809434643196,7.52976625043399,3.67189899531828,0.0553371017781836,0.440061714140794,-0.246159394212426,7.52976625043399,0.442070729603294,0.506124692016507,0.833972615815463,0.204170306842498,7.52976625043399,0.309837934346881,0.577779652319804,0.672744252531341,-0.0578057598227205,7.52976625043399,0.0223171848161812,0.881246396619904,0.931443976174203,"C01197","map00940; map01061; map01100; map01110; map01220","nucleoside-kinase [EC:2.7.4.6]; carboxymethylenebutenolidase [EC:3.1.1.45]; sedoheptulose-bisphosphatase [EC:3.1.3.37]; phosphatidylinositol-3,4,5-3-and dual-protein PTEN [EC:3.1.3.3.1.3.3.1.3.67]; 6-phospho-beta-galactosidase [EC:3.2.1.85]"
"2-monoolein",1.43113732326158,8.19710595793896,14.3899154929159,0.000148595970743293,0.000954443350543461,-1.28227469246703,8.19710595793896,4.52078179125827,0.0334855267788786,0.404336210566502,0.174824635564074,8.19710595793896,0.102340425128865,0.749038906542012,0.933503711884448,-0.328436915392461,8.19710595793896,0.335158377417365,0.562637320186744,0.661693186416805,-1.00643131111261,8.19710595793896,2.88213684212872,0.0895670922408207,0.27699452600402,"",NA,NA
"1-octacosanol",-0.72833729170536,7.57964419327578,26.5347910171659,2.58834425328373e-07,3.92957718453075e-06,0.0351950624741299,7.57964419327578,0.0228659285545412,0.879806242403694,0.96785189401624,-0.38695468985279,7.57964419327578,3.06143638632906,0.0801707697920748,0.514943021356788,-0.244048457296231,7.57964419327578,1.23325930656265,0.266774115696723,0.361224431243936,0.203976095987394,7.57964419327578,0.768705481813697,0.380617820022664,0.577847054034408,"C08387",NA,NA
"1-monostearin",-0.110423617927354,6.76502392010659,0.304766259355972,0.580909718259612,0.649176263449473,-0.0864084537505512,6.76502392010659,0.0674267478043191,0.795120951503625,0.96785189401624,-0.198032916033447,6.76502392010659,0.394581695305973,0.529900846435554,0.842794679568929,0.547293619658792,6.76502392010659,2.98756600359025,0.0839061993569874,0.145449728470228,0.0322662934007456,6.76502392010659,0.00941732683000396,0.922692316149546,0.950169281478647,"D01947",NA,NA
"1-monopalmitin",-0.14440719715373,7.22799846099781,0.337365865886888,0.561353654650983,0.638440816310522,0.642801616409749,7.22799846099781,2.43755363421324,0.11846084275203,0.573505657777557,-0.0565713604680094,7.22799846099781,0.0225022944892572,0.880758581226226,0.952439162386523,0.522888546724097,7.22799846099781,1.88513031982915,0.169752197280583,0.253112651302298,-0.0892160859319416,7.22799846099781,0.0494568976010967,0.824011021174309,0.886757809916673,"",NA,NA
"1-kestose",1.11166968369177,8.71176326471614,2.82725787688205,0.0926764770590087,0.179964786847145,-1.68256697991199,8.71176326471614,2.58899079696921,0.107608881270331,0.573505657777557,-0.222209228171924,8.71176326471614,0.0635477089403054,0.800974042843828,0.952439162386523,-3.73815602970936,8.71176326471614,13.9029279700799,0.000192498357265506,0.000945506637157045,-1.79329063707188,8.71176326471614,3.24692044495664,0.0715577853025417,0.25639236287743,"C03661",NA,NA
"1-hexacosanol",1.35025421919535,9.01477183663854,50.9353212688093,9.54602276607579e-13,5.31395267311553e-11,-0.683219073161797,9.01477183663854,4.93988287068422,0.0262438149926156,0.398428827615164,-0.423578380958634,9.01477183663854,2.15425335978568,0.142175541155591,0.641711226296858,-0.822828750463874,9.01477183663854,8.03988971941713,0.00457583225867642,0.0146954612922877,0.276424812161608,9.01477183663854,0.822216843701419,0.364532809152068,0.572419670280997,"C08381",NA,NA
"1-docosanol",-0.487632159716631,6.9890465558086,15.5620001171869,7.98432486956308e-05,0.00063494393010335,0.174298316405649,6.9890465558086,0.716552728609685,0.397277009931673,0.819077292081351,0.0135957615563005,6.9890465558086,0.00480455289973847,0.944738979916032,0.979946643763834,0.419268018271579,6.9890465558086,4.64980229607221,0.0310571242212572,0.0738134014222102,0.10223134312766,6.9890465558086,0.246327360582498,0.619673050929901,0.743942041597166,"",NA,NA
"645322",0.11670014456114,12.1711411273513,0.767904324885016,0.380866147965941,0.482619627569344,-0.0682840649946819,12.1711411273513,0.0967935489546186,0.755711969568549,0.96785189401624,0.0679546841854711,12.1711411273513,0.106416806388474,0.744261020518813,0.933503711884448,-2.38821499336113,12.1711411273513,125.756501915772,3.47624247964275e-29,1.45133123525085e-27,-0.524893324311111,12.1711411273513,5.68963937102886,0.0170653612364364,0.189994355098992,"",NA,NA
"645300",0.415649895536144,8.84834582221893,6.31349414591688,0.0119822466459392,0.0339158506757941,0.00884124145158017,8.84834582221893,0.0010471077191454,0.97418572363982,0.990586066729291,0.194162421510618,8.84834582221893,0.563846505175661,0.452714565575031,0.803006194391782,-1.61476743068063,8.84834582221893,38.4160812736517,5.7159440425497e-10,6.81830467932714e-09,0.861601649294071,8.84834582221893,9.9463772671653,0.00161166246868496,0.0516150476424462,"",NA,NA
"645282",-0.295332269991362,10.2969555459837,1.09109886890806,0.296227863266364,0.408275044408105,-0.212810301995754,10.2969555459837,0.215936060969781,0.642154037135957,0.908811222048346,-0.558722423267243,10.2969555459837,1.64468431997251,0.199683970495819,0.72493963201743,-0.507393202575215,10.2969555459837,1.40068938679686,0.236608178937135,0.326558395723154,-0.95310495719465,10.2969555459837,4.13365846738375,0.0420383756267106,0.211481660878242,"",NA,NA
"645280",-0.210397745886873,10.6374191942579,0.540914998537886,0.462053768612411,0.547255172753707,-0.365688530468177,10.6374191942579,0.62023129464125,0.430961348425532,0.856792204607903,-0.621120488294399,10.6374191942579,1.98815325895324,0.158534106371443,0.659999236083028,-0.429891683686424,10.6374191942579,0.975692823706055,0.323264497066672,0.412100542062094,-1.10253458163891,10.6374191942579,5.3443634716845,0.0207893724395746,0.204459348211212,"",NA,NA
"645147",0.848520393962923,10.8251935108809,9.65312202133828,0.00189030042690628,0.00769951637300851,-0.415122456549871,10.8251935108809,0.943434014361117,0.331396263008137,0.794239047321621,0.617196958879011,10.8251935108809,2.22522377197605,0.135772984535494,0.641711226296858,-0.722539767553047,10.8251935108809,3.17200303516557,0.0749105229022799,0.131684813944008,-0.368468702401918,10.8251935108809,0.747979768475972,0.387116602739777,0.579407949835099,"",NA,NA
"644159",-0.359967900593125,11.4846316343274,1.56789048873964,0.210513630518894,0.313890859791565,0.176354039057331,11.4846316343274,0.142074590534705,0.706227237374991,0.936031338425584,-0.322762981896183,11.4846316343274,0.550595994785603,0.458074273217693,0.803006194391782,1.11617817790773,11.4846316343274,5.98512417382586,0.0144270269197366,0.0394969425507542,0.970428665960652,11.4846316343274,4.22699053508726,0.0397859261975708,0.211481660878242,"",NA,NA
"643339",-0.466610668900598,11.0373896316507,1.84024653953127,0.174922054058823,0.286391990468857,0.426079831468986,11.0373896316507,0.586707252786589,0.443695235774565,0.861594236911074,-0.424012862842255,11.0373896316507,0.665285392841746,0.414700178713623,0.796033676381322,1.1976987958027,11.0373896316507,4.78237752096737,0.0287523974649655,0.0716664235320782,1.24024602918951,11.0373896316507,4.78930863630271,0.0286369188196101,0.211481660878242,"",NA,NA
"643338",-0.45896613232239,11.5835022240794,1.65783247443602,0.197896233084907,0.306654786083631,0.323193343362826,11.5835022240794,0.312905611537829,0.575902635279822,0.896437398408954,-0.36879975832607,11.5835022240794,0.469262342434945,0.493326721365888,0.83217739866771,1.06855274604962,11.5835022240794,3.57248185552228,0.0587444510991159,0.110228352062386,1.15354121783848,11.5835022240794,3.88287596693242,0.0487809288975833,0.217635943898706,"",NA,NA
"643260",-0.217800374579697,10.2466369077219,0.872522998328805,0.350257781764927,0.460575193344431,0.676393758499548,10.2466369077219,3.18598752897514,0.0742721072523771,0.516810079631124,-0.0421837265780563,10.2466369077219,0.0138956218074924,0.906162984408656,0.952439162386523,-1.06061632101899,10.2466369077219,8.84425110752422,0.0029401351394892,0.0109111681843266,-0.50702961186648,10.2466369077219,1.77542271032114,0.182712397250585,0.419894651688144,"",NA,NA
"643257",-0.464988603712112,11.3644112615864,1.9831286118802,0.15906120166117,0.269754736664382,0.271191428239351,11.3644112615864,0.257155169633023,0.612081362350174,0.896645504495431,-0.425313173005431,11.3644112615864,0.730364753692612,0.392764983175783,0.789522352491544,1.0571233083844,11.3644112615864,4.09002855733679,0.0431369132834811,0.0947876910308072,1.06320156709942,11.3644112615864,3.85757175720512,0.0495219513062925,0.217635943898706,"",NA,NA
"643159",0.07849385488352,10.1560831237949,0.476696923447555,0.489922296276444,0.576176221677226,-0.0787880419412083,10.1560831237949,0.17536751672106,0.675384926587283,0.916986038537206,-0.0318767767897468,10.1560831237949,0.0317884489254361,0.858492754637832,0.952439162386523,0.343527448166346,10.1560831237949,3.67768241810111,0.0551454520062141,0.105687094485533,0.38550375627513,10.1560831237949,4.20336183256921,0.0403439238178255,0.211481660878242,"",NA,NA
"643145",-0.451996891737965,16.0334961519957,1.52675813546352,0.216599643599105,0.320107437885402,0.403001944237758,16.0334961519957,0.46454216633424,0.495508801348527,0.877440183152169,-0.355552401335586,16.0334961519957,0.415163681206224,0.519360191885079,0.833972615815463,1.18893894334819,16.0334961519957,4.18083674397826,0.0408835111949938,0.0910339515941862,1.22067427484292,16.0334961519957,4.13570131064867,0.0419876660636698,0.211481660878242,"",NA,NA
"643144",-0.412737655179747,16.3337092764913,1.43379690551956,0.231145779676277,0.33860829128016,0.329138442370807,16.3337092764913,0.347596212380267,0.555477020163124,0.896437398408954,-0.376366580265671,16.3337092764913,0.522185997980387,0.469910684223396,0.809021487271208,1.1239032914446,16.3337092764913,4.21676230757089,0.0400264674942966,0.0903300009668585,1.14406415434997,16.3337092764913,4.09033440963684,0.0431291081757109,0.211481660878242,"",NA,NA
"627827",-0.567686740095176,14.0354690816596,1.7879305327113,0.181178510347603,0.293755448816016,0.64317770656916,14.0354690816596,0.885005203075309,0.346834449432344,0.794239047321621,-0.371454630775887,14.0354690816596,0.339072892695071,0.560364855248913,0.850735734786986,1.29983172719604,14.0354690816596,3.70368244014415,0.0542925201688451,0.105428498467409,1.42981277492549,14.0354690816596,4.19313147223136,0.040588058861652,0.211481660878242,"",NA,NA
"620041",0.0552708847504871,7.53259740775413,0.226835785626005,0.633880036541619,0.687389390275652,-0.407639080375301,7.53259740775413,4.4999195212877,0.0338964487900062,0.404336210566502,-0.20446113436591,7.53259740775413,1.27171171438377,0.259445808924134,0.743338714007401,-1.35145637010351,7.53259740775413,54.880707500751,1.28072025547303e-13,2.13880282663996e-12,-0.159817949857166,7.53259740775413,0.696373940125746,0.404004791877689,0.588475947770076,"",NA,NA
"553364",-0.461598441374859,10.6532648484082,14.6517553396834,0.000129314156634642,0.000863818566319411,-0.0282635335811627,10.6532648484082,0.0200561518025637,0.887380370910959,0.96785189401624,-0.401100060580044,10.6532648484082,4.51549567125636,0.0335891521607574,0.29523096899192,0.117557996375452,10.6532648484082,0.38487946954233,0.535003326314265,0.633656421946683,-0.163112792494586,10.6532648484082,0.667622060640795,0.413881895359244,0.595847211422359,"",NA,NA
"530071",-0.53750054068278,14.7333956133178,1.64744947720851,0.199306426657966,0.306654786083631,0.603763233656447,14.7333956133178,0.79786394601939,0.371732782850261,0.819077292081351,-0.433656631466742,14.7333956133178,0.472650651571143,0.491770265654515,0.83217739866771,1.2556359155384,14.7333956133178,3.544186791507,0.0597544511757874,0.110877703848405,1.38209516448174,14.7333956133178,4.02353727892324,0.0448695126583112,0.211481660878242,"",NA,NA
"530070",-0.508092159917862,15.1553224807608,1.65377066340594,0.19844649966829,0.306654786083631,0.504592071046398,15.1553224807608,0.628148175268649,0.428035390020957,0.856792204607903,-0.38886104268791,15.1553224807608,0.427853228936129,0.513044220518402,0.833972615815463,1.21612668943703,15.1553224807608,3.75035479480758,0.052796303606598,0.104964079789308,1.30093386902289,15.1553224807608,4.03043667438834,0.0446863730660359,0.211481660878242,"",NA,NA
"530002",-0.488171714289447,15.7143871743714,1.61475673544516,0.20382443865439,0.306654786083631,0.460356718360135,15.7143871743714,0.55094870135639,0.457930314203284,0.873299302431982,-0.38826436317179,15.7143871743714,0.45011873465296,0.502278574564286,0.833972615815463,1.19948719690288,15.7143871743714,3.85967912663398,0.0494597864984436,0.102587600703383,1.28792863037547,15.7143871743714,4.17106251518925,0.0411200049699731,0.211481660878242,"",NA,NA
"511722",0.180388681525287,7.42836780767161,0.725203042594721,0.394442502017042,0.485493200538434,0.0745987917685763,7.42836780767161,0.0453497460929952,0.831362219714828,0.96785189401624,0.543917588986717,7.42836780767161,2.63449656366091,0.104565201532631,0.602151332963772,0.620330900436443,7.42836780767161,3.42341056228028,0.0642780899921724,0.116678706833617,0.150218799520414,7.42836780767161,0.183808799870867,0.668120246133987,0.773058204582982,"",NA,NA
"474021",0.351792155259518,8.7451401540688,1.91855749820985,0.166015768095441,0.274501319524144,0.615047446023218,8.7451401540688,2.22503363902681,0.135789699648755,0.573505657777557,-0.459233861928092,8.7451401540688,1.40237838788098,0.236325756610172,0.743338714007401,-1.43639694213446,8.7451401540688,13.6313288080348,0.000222442388865564,0.00103188552612637,0.219625546807175,8.7451401540688,0.284636523242007,0.593678253694392,0.743942041597166,"",NA,NA
"444785",-0.529815152996195,12.252292974285,14.2374910768071,0.00016112821202974,0.000996607829961727,0.045132765753133,12.252292974285,0.0384715006541967,0.844499389565783,0.96785189401624,-0.0330405801344036,12.252292974285,0.022829314417379,0.879901780615819,0.952439162386523,1.00471971420339,12.252292974285,20.247505969261,6.80421070190047e-06,4.73459661340574e-05,0.2816895207031,12.252292974285,1.49786241280844,0.22100055777138,0.439370156521672,"",NA,NA
"419275",-0.253532396866488,9.94166150103644,1.0361387411789,0.30872120206366,0.4191580548344,0.525502725745263,9.94166150103644,1.69341003607379,0.193152060687397,0.658293757852966,-0.182444441611022,9.94166150103644,0.228421221081952,0.632696948188764,0.884771710709872,-0.744238442385992,9.94166150103644,3.82369681168632,0.0505326297571129,0.102914014261437,-0.396129499250295,9.94166150103644,0.950340070506876,0.329632750401807,0.555348793003514,"",NA,NA
"396982",-0.407184514848583,10.2847823350907,1.26905193583723,0.259944611447953,0.371032052237676,0.666241918076106,10.2847823350907,1.24179739480716,0.265124933004854,0.714126835674366,0.0907947133356678,10.2847823350907,0.0260017898915947,0.871895946717422,0.952439162386523,0.746375357280685,10.2847823350907,1.6934852638446,0.193142171174848,0.2780581257431,0.435111192802438,10.2847823350907,0.538871342596138,0.462900855388731,0.63887969297453,"",NA,NA
"386902",-0.158830104266556,10.5258713960115,0.823070259516925,0.364284020737645,0.473262043007996,-0.274562916117182,10.5258713960115,0.894554034804628,0.34424618411638,0.794239047321621,-0.229429123540041,10.5258713960115,0.699567180384655,0.402929166128021,0.789522352491544,-1.12019967150737,10.5258713960115,16.6634784306797,4.46320424699427e-05,0.000276057447869646,-0.335152248085319,10.5258713960115,1.33414524172263,0.248069111700264,0.465477996111731,"",NA,NA
"384993",1.92279241043508,6.50446452661413,46.121452019173,1.11144789642823e-11,4.64029496758788e-10,0.111403454698722,6.50446452661413,0.0612806544424842,0.804483144863595,0.96785189401624,0.00355757541079985,6.50446452661413,6.41616565815184e-05,0.993608935485695,0.993608935485695,-0.110343316863009,6.50446452661413,0.0679242255312715,0.794383432465236,0.841764914833892,0.687665107231279,6.50446452661413,2.34608733214927,0.125597897425966,0.332934109049784,"",NA,NA
"384825",-0.743228603417637,13.0061604349483,0.765953456220927,0.381471801432056,0.482619627569344,-0.109344926277266,13.0061604349483,0.00910577743047725,0.923977897105905,0.96785189401624,-0.301667437331471,13.0061604349483,0.0731995938162981,0.786733898876796,0.952062037046557,1.33190616022987,13.0061604349483,1.37170584604974,0.241519011880355,0.330603893311634,-0.882299063357246,13.0061604349483,0.516223963645984,0.47245689149608,0.642584338488126,"",NA,NA
"382244",-0.673096746316183,11.3268524768195,6.2468945566263,0.0124411235301565,0.0346277938256023,0.0496722246744417,11.3268524768195,0.0131951535923704,0.908548037594275,0.96785189401624,-0.441375341995103,11.3268524768195,1.14906674099863,0.2837445986318,0.743338714007401,0.512483307952006,11.3268524768195,1.53112026318568,0.215944391054645,0.300522610884381,-0.00386260361657511,11.3268524768195,7.77182934186271e-05,0.992966102038546,0.992966102038546,"",NA,NA
"377232",-0.620491425798693,11.6222709705024,4.91578860716461,0.0266123117684331,0.0608802200729908,-0.122022160332277,11.6222709705024,0.0698504233337189,0.791554688022481,0.96785189401624,-0.260242416265455,11.6222709705024,0.354986476241095,0.551303889333424,0.850735734786986,0.830619626300159,11.6222709705024,3.47315342575777,0.0623722999652367,0.114463451584555,-0.795220196096886,11.6222709705024,2.92653693718432,0.0871342163240766,0.274554983511713,"",NA,NA
"376650",-0.338526605543461,8.42942653689919,0.613064528467802,0.43363628873359,0.517266144417926,1.02531203880077,8.42942653689919,2.02688119227201,0.154537452694551,0.573505657777557,0.770665738915183,8.42942653689919,1.28206555277126,0.257515333708704,0.743338714007401,0.178687962191956,8.42942653689919,0.0704213720535805,0.790724248298173,0.841764914833892,1.4941443994938,8.42942653689919,4.27423660824851,0.0386943413750656,0.211481660878242,"",NA,NA
"360827",0.262269735495379,9.81963828628122,2.0871555701014,0.148542414989762,0.256895779777063,0.252838016548099,9.81963828628122,0.724072392870042,0.394811330670525,0.819077292081351,0.406927438502624,9.81963828628122,2.06805028762849,0.150413704138903,0.659999236083028,-2.10454678747934,9.81963828628122,53.3586670106567,2.7788252113134e-13,4.21876191172125e-12,-0.143496371137614,9.81963828628122,0.234620543790058,0.628118729731739,0.743942041597166,"",NA,NA
"360825",-0.349541607001403,10.3451272155588,7.56146316199894,0.0059629560406046,0.0195559474078349,0.0343764454745883,10.3451272155588,0.0267489283801297,0.870084624421102,0.96785189401624,-0.101001696466803,10.3451272155588,0.257126373935911,0.612101283517447,0.869994686136,-1.31567277231492,10.3451272155588,43.4741823635077,4.29589902438289e-11,5.51857797747649e-10,-0.330040671732475,10.3451272155588,2.45523072587795,0.117133956160102,0.315505978689307,"",NA,NA
"345452",-0.548699458327954,8.1563992836173,2.09185785509609,0.148085887667222,0.256895779777063,-0.913458244873546,8.1563992836173,2.35909355833688,0.124554543846803,0.573505657777557,-0.473900335145438,8.1563992836173,0.693616861667415,0.404936869837543,0.789522352491544,0.387823027457391,8.1563992836173,0.451263824247398,0.501735394642022,0.602804395001566,-1.41232900707722,8.1563992836173,5.24281915674053,0.0220375345377354,0.204459348211212,"",NA,NA
"344907",1.55860787525174,9.77359661084973,9.40101512624206,0.00216865337960114,0.0084224445207765,-0.88409483804239,9.77359661084973,1.29106391039817,0.255851978079552,0.712121338988086,-0.229968925676926,9.77359661084973,0.106815074903956,0.743799677645835,0.933503711884448,1.45491301732586,9.77359661084973,3.90338363896909,0.0481889614185295,0.101867804517651,-0.87347545357017,9.77359661084973,1.30105358889455,0.254020863140671,0.466170155433979,"",NA,NA
"342183",-0.0280232107377737,11.8648715420345,0.0373251278808766,0.84680459272741,0.873017663348182,-0.290241205339788,11.8648715420345,1.46656038340133,0.225889172792612,0.68537712647491,-0.295828518046923,11.8648715420345,1.70679912205141,0.19140119526583,0.71031110243097,-1.39924215598436,11.8648715420345,37.7874830933961,7.888630829393e-10,8.7826756567242e-09,-0.256114652238917,11.8648715420345,1.13993553944158,0.285665948768551,0.502170667835242,"",NA,NA
"324715",0.33117034703937,10.4905154409126,4.99779674761792,0.0253796066075413,0.0596956944149211,-0.706400017821539,10.4905154409126,8.28034184669742,0.00400765831966685,0.203787184591124,-0.497378809716248,10.4905154409126,4.64757995368586,0.031097359338677,0.288514389419948,-0.872289904568419,10.4905154409126,14.2403423025867,0.000160884283965364,0.000814171982491389,0.283528213554341,10.4905154409126,1.3468425608451,0.245830863919748,0.465477996111731,"",NA,NA
"241309",-0.0631899906809077,11.4305654359382,0.107953673125287,0.742485985987282,0.789778087005581,-0.177320720793407,11.4305654359382,0.310496690208481,0.57737555623304,0.896437398408954,-0.31584808186067,11.4305654359382,1.1045289089489,0.293274342087531,0.743338714007401,0.610065738250713,11.4305654359382,4.00987954426311,0.0452343824054262,0.0981057384637166,0.414629271511892,11.4305654359382,1.69926489666015,0.192384140656745,0.419894651688144,"",NA,NA
"239337",-0.940579108755643,9.99504870727493,10.2548116530528,0.00136328551526229,0.00615320759591356,0.150253342740828,9.99504870727493,0.103831452498653,0.747279305609367,0.96740809330825,1.20004197754226,9.99504870727493,6.71147503051624,0.00957944549346314,0.159976739740834,1.13122003504398,9.99504870727493,6.20822337696134,0.0127158185436888,0.0359922321490854,0.861143534053943,9.99504870727493,3.34526861751827,0.067398477232729,0.25012323773035,"",NA,NA
"210653",-0.358426526529542,11.7895920277967,1.3917035086111,0.238117628384189,0.3457882081753,-0.0259091899174891,11.7895920277967,0.00298074179308117,0.956460190001666,0.985980566236285,0.0541117331151896,11.7895920277967,0.0137027992327319,0.906813334248247,0.952439162386523,0.947900363780614,11.7895920277967,3.956410751454,0.0466931639904664,0.0999712613642037,0.240984772528455,11.7895920277967,0.250337856460959,0.616837282764872,0.743942041597166,"",NA,NA
"208244",-0.195719830217976,10.0641380091204,2.72481380697279,0.0987996425768274,0.189649888624485,-0.0328185572257955,10.0641380091204,0.0281777827481164,0.866691536844077,0.96785189401624,-0.254381273342342,10.0641380091204,1.89035366104275,0.169162037596604,0.667191583407068,-1.51594852587684,10.0641380091204,65.8349022995464,4.90321995440094e-16,1.0235471654812e-14,-0.452294911765011,10.0641380091204,5.31547887767255,0.021136783668992,0.204459348211212,"",NA,NA
"171564",0.462277270015389,11.4222877775093,3.54532389710786,0.0597135077762659,0.124651947482955,0.605015059600203,11.4222877775093,2.29673928328835,0.129645911032564,0.573505657777557,0.167669760668491,11.4222877775093,0.19864977165588,0.655812925856212,0.897711136213012,0.4880790632053,11.4222877775093,1.66124988052864,0.197434651977371,0.281808434873683,-0.383812639904128,11.4222877775093,0.938964891051725,0.332544187427254,0.555348793003514,"",NA,NA
"170250",-0.468067103114925,8.45642340459591,11.9727111262879,0.000539853379846042,0.00273198528588755,0.0381004499503462,8.45642340459591,0.0290257830116047,0.864719518894032,0.96785189401624,-0.028670209778265,8.45642340459591,0.0182569825874985,0.892518260826288,0.952439162386523,-0.825714863850326,8.45642340459591,15.2426765920978,9.45426374366992e-05,0.000526287348397625,-0.246647882889539,8.45642340459591,1.21092124753958,0.271149747899765,0.481723488290008,"",NA,NA
"168885",-0.0672305171299408,10.3845971035211,0.0372882228269376,0.846879409954524,0.873017663348182,0.492798217146843,10.3845971035211,0.727287029230482,0.39376398383991,0.819077292081351,0.605292118092517,10.3845971035211,1.1981604184853,0.273689661583041,0.743338714007401,0.804219992716025,10.3845971035211,2.10065386761288,0.14723616245222,0.227670732680747,0.350503734900534,10.3845971035211,0.36858636553643,0.543775830095805,0.693210409358775,"",NA,NA
"168812",-0.389179972386472,6.39618441115706,4.86260098778241,0.0274449309768107,0.0619365334206403,0.504280009436056,6.39618441115706,2.94608399910972,0.0860859241140587,0.552936512578762,0.0545193723164019,6.39618441115706,0.0379803749961027,0.845482551955704,0.952439162386523,0.139259281437916,6.39618441115706,0.251163764965078,0.616256824286463,0.695370876052968,0.327338806134168,6.39618441115706,1.23922615154911,0.265620245420345,0.476973989088146,"",NA,NA
"161875",-0.180154342881791,12.6748681010502,0.713516596674793,0.39827885313632,0.485493200538434,0.335708194153071,12.6748681010502,0.925139613430602,0.336129086456472,0.794239047321621,-0.353978552309909,12.6748681010502,1.15190809512711,0.283150074471622,0.743338714007401,-0.746393981558319,12.6748681010502,5.15576819837689,0.0231692843823179,0.0595272383361091,-0.56960329843243,12.6748681010502,2.64786424754602,0.103689121202305,0.299784758784433,"",NA,NA
"160962",-0.373356147120744,16.2714378011907,1.24148325613169,0.265185385579322,0.375304740608023,0.230453539030469,16.2714378011907,0.179801560804663,0.671543831519278,0.916986038537206,-0.42483691502145,16.2714378011907,0.704049647511511,0.40142629051742,0.789522352491544,1.02923730216621,16.2714378011907,3.75949699304567,0.0525083723073083,0.104964079789308,1.02801557162796,16.2714378011907,3.50629224192926,0.0611361335443213,0.248998839626948,"",NA,NA
"145951",-0.647080941973951,10.938319948386,5.96200954084276,0.0146173713052956,0.0381422032497558,0.409859433473658,10.938319948386,0.877486186354879,0.34889111825841,0.794239047321621,0.425807189103896,10.938319948386,1.04557765920226,0.306527794669046,0.749843033328594,0.757321063055711,10.938319948386,3.23502318645892,0.0720792830862439,0.128055747610667,0.770144996369722,10.938319948386,3.08216774209441,0.0791549617616583,0.267509978159323,"",NA,NA
"135765",0.681676847851424,9.70888648904471,13.3811448959796,0.000254166531716631,0.00141486035988925,-0.122245958818589,9.70888648904471,0.159433632926664,0.689678493175443,0.928841196454024,-0.270091536063446,9.70888648904471,0.883039196486529,0.347370617063448,0.789522352491544,-1.34075486983839,9.70888648904471,21.5583780055757,3.43220054097293e-06,2.60535222882945e-05,-0.386626366819464,9.70888648904471,1.61430153469138,0.203888191496607,0.431004151644726,"",NA,NA
"135163",0.684550618820007,8.69970103439591,3.1048095827581,0.0780613591241096,0.155193416353885,0.0386910554318221,8.69970103439591,0.00428483448063588,0.94780883051748,0.983130898735522,0.0769140101743146,8.69970103439591,0.0187881636986944,0.890975526277666,0.952439162386523,2.82248682296525,8.69970103439591,19.3764169754817,1.07324247187976e-05,7.16925971215682e-05,0.307708616499195,8.69970103439591,0.270789343516711,0.602802764913124,0.743942041597166,"",NA,NA
"125785",-0.288767846946525,8.72893968704045,3.44689229514628,0.0633708165640274,0.129060077636495,-0.223835492216996,8.72893968704045,0.758850764996069,0.383688412237038,0.819077292081351,-0.142263633883385,8.72893968704045,0.341470244197801,0.558981796048285,0.850735734786986,-1.31860095919823,8.72893968704045,29.2513616249962,6.35715379947497e-08,5.58760360269642e-07,-0.525444851819202,8.72893968704045,4.15317261958137,0.0415565919183314,0.211481660878242,"",NA,NA
"121191",-0.3264827055676,7.60669001337376,4.34842550673518,0.0370431776940714,0.0824828089987991,0.0269423702665005,7.60669001337376,0.0108525371330117,0.91703006744901,0.96785189401624,0.0514718622194373,7.60669001337376,0.043983736083014,0.833883874522736,0.952439162386523,-1.29019822603763,7.60669001337376,27.5464259789502,1.53368510291827e-07,1.21964481993977e-06,0.295126840793331,7.60669001337376,1.30168061744101,0.25390646757275,0.466170155433979,"",NA,NA
"118667",-0.129778605911484,10.6040477249825,0.191362191900225,0.661785287122185,0.713020277092935,-0.969796452492816,10.6040477249825,3.87079487495526,0.0491332467026147,0.440061714140794,-1.36381239221857,10.6040477249825,8.58783711759575,0.00338415717384391,0.08953041941815,1.96447796355789,10.6040477249825,16.0185559295752,6.27246975562263e-05,0.000374108017567492,-0.640117091191021,10.6040477249825,1.68997609172075,0.193604120838246,0.419894651688144,"",NA,NA
"117191",-0.533554653153001,7.12694407977487,5.51026870793984,0.0189051422216343,0.0471217724031781,0.364321199694112,7.12694407977487,0.956870629735306,0.327976581741241,0.794239047321621,1.05352442632001,7.12694407977487,8.46109064705954,0.00362824229868126,0.08953041941815,-0.0674902629130442,7.12694407977487,0.0368716970017573,0.84772650534003,0.878374578560406,0.515473314303618,7.12694407977487,1.91396733245841,0.166523226114143,0.410963378253815,"",NA,NA
"117190",0.39856633405469,8.49655923509207,0.617458192994604,0.431993408534965,0.517266144417926,-2.39616328323591,8.49655923509207,7.92296177235638,0.00488113016984728,0.203787184591124,-1.8410674204146,8.49655923509207,5.52958274465776,0.0186975637428661,0.223035224647045,-0.634424635219236,8.49655923509207,0.704160183937653,0.401389333036848,0.504000139978598,-2.49734516179028,8.49655923509207,9.40537301857083,0.00216350499100074,0.0516150476424462,"",NA,NA
"110393",-0.430867465532384,8.18767784613446,10.9334158791686,0.000944452033515373,0.00450638541705907,0.0766081605901867,8.18767784613446,0.127625425124346,0.720906896878784,0.947964187234306,0.15817447295301,8.18767784613446,0.600676954080853,0.438319853944259,0.801525899996604,-1.14228004021533,8.18767784613446,31.4555174258981,2.04061930590855e-08,1.89324124492626e-07,-0.209207636984709,8.18767784613446,0.946324028103906,0.330656752681917,0.555348793003514,"",NA,NA
"110379",1.09519199688782,6.81389921940178,30.8087484138946,2.84751246811302e-08,5.94418227718593e-07,-0.490806589259325,6.81389921940178,2.3081202970914,0.128699602037761,0.573505657777557,-0.117730966884168,6.81389921940178,0.15020140608943,0.698342961712071,0.904056392293921,0.417887150133533,6.81389921940178,1.85228517415215,0.173517848828699,0.256437882782237,0.208028909175016,6.81389921940178,0.421824529983368,0.516028040493873,0.673255334081849,"",NA,NA
"105370",0.0011079288908363,10.7459895090774,1.9531654857019e-05,0.996473790035228,0.996473790035228,-0.285897876825954,10.7459895090774,0.488678879179155,0.484517218744415,0.876485582466472,-0.577693769548647,10.7459895090774,2.2363771892924,0.134796474096543,0.641711226296858,-1.14382272991515,10.7459895090774,8.70637603309271,0.00317098962441266,0.0112671333463173,-0.141035685391685,10.7459895090774,0.118890130196611,0.730241364007594,0.797060835223975,"",NA,NA
"104367",1.41009471267085,6.34417419475637,43.1546538858529,5.05794442523788e-11,1.68935343802945e-09,-0.569615845599937,6.34417419475637,2.66669010964549,0.102468925211784,0.573505657777557,0.0093908811639799,6.34417419475637,0.000874958184105878,0.976402261591097,0.993608935485695,0.52243075492066,6.34417419475637,2.48697733884056,0.114791998628907,0.183505721214596,0.416933852823021,6.34417419475637,1.47126778280627,0.225145772628902,0.442345223870901,"",NA,NA
"104363",0.882625908184899,6.43551477794368,14.77040018501,0.000121426645844275,0.000863818566319411,-0.69993183150162,6.43551477794368,3.37121389958457,0.0663448539448387,0.503617754944912,-0.330348001974298,6.43551477794368,0.851203184738438,0.356212185363103,0.789522352491544,0.388328621890568,6.43551477794368,1.17129459996979,0.279135394692705,0.372924887309453,0.186632031506078,6.43551477794368,0.244701578970272,0.620830819195498,0.743942041597166,"",NA,NA
"97456",0.122073682535654,8.17788747825061,0.81865510910561,0.365573673940309,0.473262043007996,-0.271827857970962,8.17788747825061,1.50635197091899,0.219696588221739,0.68537712647491,-0.360424503087534,8.17788747825061,2.96744168462567,0.0849561092563894,0.518928997368148,-2.42826987124187,8.17788747825061,126.016836349974,3.04885635067837e-29,1.45133123525085e-27,-1.09452339800717,8.17788747825061,23.6981119604052,1.12693038649638e-06,0.000188197374544896,"",NA,NA
"84208",1.44314371053914,8.54532718564616,66.8311263295788,2.95790642717133e-16,4.93970373337613e-14,-0.174902355688353,8.54532718564616,0.372517506106888,0.541635199440484,0.895575032738227,0.209338982218567,8.54532718564616,0.592227163423999,0.441559178441243,0.801525899996604,0.464914939090873,8.54532718564616,2.88870051657845,0.089202848268341,0.150312706865331,0.453240530645799,8.54532718564616,2.50507315103401,0.113480215485653,0.315505978689307,"",NA,NA
"84193",0.79186705562161,11.5986528323587,26.1044268445586,3.23441609401299e-07,4.50122906416807e-06,-0.385102252683958,11.5986528323587,2.28208548621837,0.130875786159055,0.573505657777557,-0.247546794169845,11.5986528323587,1.06663469831122,0.301706826821279,0.749843033328594,-2.07019266387411,11.5986528323587,71.9806291073463,2.17320250958483e-17,5.18464027286668e-16,-0.310439257125909,11.5986528323587,1.49939121115388,0.220765057787323,0.439370156521672,"",NA,NA
"84161",0.0946620270073811,9.21054492753249,0.405442024177656,0.52429206723936,0.603839829165332,-0.0490076160440504,9.21054492753249,0.039506186789513,0.842449209484459,0.96785189401624,-0.0385330743288344,9.21054492753249,0.0271253493465657,0.869181886862506,0.952439162386523,0.342948392118361,9.21054492753249,2.13173694063628,0.144277185601719,0.225180280331655,0.192963635605774,9.21054492753249,0.61304285792556,0.433644415310871,0.616736232018868,"",NA,NA
"62327",-0.562130090912624,8.31027462660131,6.95988485130228,0.00833573975032898,0.0248583667554453,0.0435822568463503,8.31027462660131,0.015948690783091,0.899503855039373,0.96785189401624,-0.0441407701563391,8.31027462660131,0.0182663869422797,0.892490750028877,0.952439162386523,-0.176820553086859,8.31027462660131,0.289311621231775,0.590661997577844,0.678486071388569,-0.385718794765544,8.31027462660131,1.24862947250955,0.263814402116172,0.476973989088146,"",NA,NA
"53219",-0.452246357570966,6.28471024473262,7.57704838701672,0.00591161614377428,0.0195559474078349,0.147942215830773,6.28471024473262,0.295422575602103,0.586766388194695,0.896645504495431,0.0552162369654825,6.28471024473262,0.0449950194289173,0.832013187062813,0.952439162386523,0.569890273321827,6.28471024473262,4.88942806497707,0.0270216362773749,0.0683729281563881,0.170556667048716,6.28471024473262,0.391536175018651,0.531493026320828,0.688001210295612,"",NA,NA
"51865",1.61999495922388,8.09120506072109,5.90489091827529,0.0150989006793773,0.0387925602070155,1.99230248884093,8.09120506072109,3.70098694373213,0.0543802928328727,0.440061714140794,-0.282978255307139,8.09120506072109,0.110608718256685,0.739452180228483,0.933503711884448,0.1419846260364,8.09120506072109,0.0275335623223398,0.868210147160218,0.884092040096075,-1.7841601627037,8.09120506072109,3.23322790353723,0.072158329672091,0.25639236287743,"",NA,NA
"48460",-0.397436788707111,8.27243303061825,2.0802584059514,0.149214914002246,0.256895779777063,-0.0500909574238797,8.27243303061825,0.0131897582508671,0.908566654241783,0.96785189401624,0.0690762210662002,8.27243303061825,0.0278408470068285,0.867483537900435,0.952439162386523,2.06833229158881,8.27243303061825,21.4591025566628,3.61456065243323e-06,2.62448534328848e-05,0.391775622585585,8.27243303061825,0.809635404250848,0.368228065487875,0.572419670280997,"",NA,NA
"41924",-1.19136996519005,8.13045918624594,7.09395873588339,0.00773442144957687,0.0239194144829507,-0.503958974199038,8.13045918624594,0.480705894029974,0.488102749517257,0.876485582466472,1.95429519159988,8.13045918624594,7.6038762420796,0.00582429523692244,0.108073033840672,0.553085277051833,8.13045918624594,0.649607362530482,0.420253092659629,0.519868640549319,2.62526022861612,8.13045918624594,11.9960155969278,0.000533144140212223,0.0241455738784046,"",NA,NA
"41866",-0.900490789455811,8.25443725397169,2.21078173713293,0.137049207646308,0.243481039116313,-0.390881566055315,8.25443725397169,0.199087531105874,0.655458374845325,0.912179571659744,-0.419458067929949,8.25443725397169,0.256042522795788,0.612852124939226,0.869994686136,1.26435735333406,8.25443725397169,2.07047093141591,0.150175143277593,0.230084852544569,-0.786721898847231,8.25443725397169,0.72527967901361,0.394417520441442,0.582900229324963,"",NA,NA
"31362",-0.228660989232532,13.0986747916567,0.802528434556237,0.370338482723326,0.475742512421504,-0.122648242057242,13.0986747916567,0.0854543380025348,0.770037580564227,0.96785189401624,-0.579466496157238,13.0986747916567,2.21071380425076,0.137055242444198,0.641711226296858,0.646796626024144,13.0986747916567,2.59948890462988,0.106898183252581,0.173320355370689,0.396772090546081,13.0986747916567,0.900907164939099,0.342538583318792,0.556770333629665,"",NA,NA
"26755",0.181733594086546,9.31585179981472,2.56977070077572,0.108923519335947,0.206707133285263,-0.270235080223957,9.31585179981472,2.07515285974002,0.149714939943875,0.573505657777557,-0.303436001957512,9.31585179981472,2.92891292578183,0.087006059438971,0.518928997368148,-1.28481779196287,9.31585179981472,52.1251658470687,5.20732687898801e-13,7.24686323992497e-12,-0.177803044117804,9.31585179981472,0.899899202781842,0.342808740021379,0.556770333629665,"",NA,NA
"17833",0.0766742724963651,10.8357579006777,0.336286103687574,0.561980838309262,0.638440816310522,-0.281417743404879,10.8357579006777,1.65921846534437,0.197708878134223,0.660347652968305,-0.18606527289306,10.8357579006777,0.811369317205809,0.367715721112186,0.789522352491544,-2.37942858854945,10.8357579006777,126.014477459276,3.05248256477518e-29,1.45133123525085e-27,-0.754880309726153,10.8357579006777,11.8444417716075,0.000578337098883941,0.0241455738784046,"",NA,NA
"17830",0.31421443671899,10.0064916826228,7.55867890403012,0.0059721755556861,0.0195559474078349,-0.451855183806508,10.0064916826228,5.70598680175105,0.0169071479958271,0.389359137335344,-0.529362897961962,10.0064916826228,8.80247096716444,0.00300822844566771,0.08953041941815,-1.01029365728894,10.0064916826228,31.9120762489494,1.61311154570647e-08,1.58464487137047e-07,-0.487231900779193,10.0064916826228,6.63326813216366,0.0100091458995692,0.167152736522806,"",NA,NA
"14726",1.19584553238337,8.23012188801731,31.2673496034401,2.24829208785719e-08,5.53978966641573e-07,-0.410000668373113,8.23012188801731,1.37815400229979,0.240415838288322,0.68537712647491,-0.155273850301856,8.23012188801731,0.224324945228723,0.6357641035041,0.884771710709872,-0.936874458828143,8.23012188801731,8.19863198880288,0.00419219871861857,0.014001943720186,0.174955865136717,8.23012188801731,0.2556557216814,0.613120565985453,0.743942041597166,"",NA,NA
"6300",-0.447649269403905,10.4719698294288,10.3552031649228,0.00129110255162278,0.00598928128113902,-0.0251006016104898,10.4719698294288,0.0119677418030584,0.912887474669354,0.96785189401624,-0.0943667160419711,10.4719698294288,0.188394330746913,0.66425637537828,0.899057133036812,-1.76818156926496,10.4719698294288,64.7988070517628,8.29493502993917e-16,1.5391712777776e-14,-0.319313659962758,10.4719698294288,1.93028781468673,0.164726959962865,0.410963378253815,"",NA,NA
"4877",-0.267634372245554,7.71371837942443,0.301261820099946,0.583092452200126,0.649176263449473,0.50489002016671,7.71371837942443,0.427258345570614,0.513337311848683,0.877440183152169,-0.57645358622338,7.71371837942443,0.688777901091036,0.406580373139358,0.789522352491544,0.383688386184217,7.71371837942443,0.279027373870797,0.597339420009885,0.678610089398985,-1.25386434728386,7.71371837942443,2.61418419549974,0.105911980648393,0.299784758784433,"",NA,NA
"4709",-0.359746794598963,8.08369869362335,6.81085476345375,0.00906053834785058,0.026545787791071,-0.331306742951129,8.08369869362335,2.12875584317527,0.14455804845224,0.573505657777557,-0.397797859639205,8.08369869362335,3.43580885844186,0.0637973384188929,0.44392314649813,-1.22790760893456,8.08369869362335,32.6194436071424,1.12087800814777e-08,1.16991642100424e-07,-0.278530610505589,8.08369869362335,1.49822354848195,0.220944900434558,0.439370156521672,"",NA,NA
"4526",-0.960288200155464,14.0509553764232,7.41733040956287,0.0064598589921842,0.0207460856095147,-0.164183089672506,14.0509553764232,0.0825661867635148,0.773849451680133,0.96785189401624,0.00521620320210978,14.0509553764232,9.31526556868789e-05,0.99229928697498,0.993608935485695,0.558272665029099,14.0509553764232,1.04928094749108,0.305672749230343,0.39711397448894,0.281280455237182,14.0509553764232,0.238931846184883,0.624978658288805,0.743942041597166,"",NA,NA
"4265",-0.326047524424707,16.1078193110765,1.08195414741454,0.298260810884963,0.408275044408105,0.171159409331577,16.1078193110765,0.112547427878098,0.737262357538132,0.961896982100531,-0.414700578037038,16.1078193110765,0.761597277316469,0.382829120618672,0.789522352491544,0.973661093304343,16.1078193110765,3.8495931965615,0.0497580578261918,0.102587600703383,0.942390859767141,16.1078193110765,3.35585480642567,0.0669664345954682,0.25012323773035,"",NA,NA
"4086",-0.478217300579813,11.5008633756976,6.09392496888072,0.0135647428751739,0.0359573342881595,0.00663417592742153,11.5008633756976,0.000431033476615994,0.983436032724657,0.990586066729291,0.128221378233793,11.5008633756976,0.17817427656356,0.672946955865877,0.899057133036812,0.73870604527308,11.5008633756976,5.76226854463715,0.0163739180188075,0.0441039404700138,0.436294114546856,11.5008633756976,1.8530453516795,0.173429616961377,0.413753514750715,"",NA,NA
"3200",0.813148758305067,9.48004368399932,23.0362055027208,1.58979089275513e-06,1.89639342207218e-05,-0.163026515746356,9.48004368399932,0.343716590055578,0.557691751504513,0.896437398408954,0.390289055988407,9.48004368399932,2.16766997827656,0.140939636888899,0.641711226296858,0.510119538221071,9.48004368399932,3.66126294553733,0.0556914030821972,0.105687094485533,-0.115459958087394,9.48004368399932,0.172602599226678,0.677809078045299,0.773058204582982,"",NA,NA
"3122",1.8195846961295,8.55463655726074,20.4455895294001,6.13507739466139e-06,5.69198847171362e-05,-0.0726767645266959,8.55463655726074,0.013817389982492,0.906426288857218,0.96785189401624,1.26752105083769,8.55463655726074,4.32434408784457,0.0375708915398204,0.3137169443575,0.152362587976173,8.55463655726074,0.0665683918437381,0.796400338585359,0.841764914833892,-0.866229929317134,8.55463655726074,1.88747509069159,0.169486981461268,0.410963378253815,"",NA,NA
"3029",-0.488510108084097,8.17404338970959,3.52173791280731,0.0605689046975483,0.124876630672723,0.776699924286962,8.17404338970959,3.22630168629452,0.0724641642788682,0.516810079631124,0.953082890534779,8.17404338970959,5.29568878169604,0.0213782747602589,0.230760447136781,1.45393240381295,8.17404338970959,12.0759362159513,0.000510768081920296,0.00224469130738657,0.826669203374092,8.17404338970959,3.74866714248052,0.0528496382990276,0.22452864683616,"",NA,NA
"2039",0.249810449969069,9.1423811600411,1.30564247223062,0.25318512761561,0.364499278550059,0.695270503025027,9.1423811600411,3.69888624147092,0.054448801645474,0.440061714140794,0.252712952592608,9.1423811600411,0.545717379587664,0.460072869776086,0.803006194391782,1.19637626003858,9.1423811600411,11.6820604566046,0.000631056085717908,0.00270221452089463,0.56619855822181,9.1423811600411,2.45848334632574,0.116891600093891,0.315505978689307,"",NA,NA
"1704",-0.31705360782505,10.25411524816,1.00829678263125,0.315311223197249,0.421255794191524,0.345746015685129,10.25411524816,0.438569059035245,0.507813919401061,0.877440183152169,0.444501742309569,10.25411524816,0.805515916564048,0.369449301093429,0.789522352491544,1.08347017017302,10.25411524816,4.68392320217711,0.0304461400111007,0.0738134014222102,0.381644767953273,10.25411524816,0.549304483587719,0.458602021072845,0.638221145993043,"",NA,NA
"892",-0.609616115865228,11.3863590774415,7.16463912620918,0.00743546476156521,0.0234287285883281,0.0481501350396128,11.3863590774415,0.0168989178097263,0.896569719811372,0.96785189401624,-0.22711889845929,11.3863590774415,0.418103996593516,0.51788463238511,0.833972615815463,0.817123867888424,11.3863590774415,5.21593965033474,0.0223807492112505,0.0583997674731069,0.0806929663009052,11.3863590774415,0.0470109191307699,0.828348612856293,0.886757809916673,"",NA,NA
"168",0.419310134438656,10.0463251339069,1.620267577771,0.203054481715414,0.306654786083631,0.072766199970436,10.0463251339069,0.0191717990098823,0.889875089960772,0.96785189401624,-0.394454602906473,10.0463251339069,0.632832708051936,0.426318157919465,0.801525899996604,1.1175955900578,10.0463251339069,4.67074154839479,0.0306806774940249,0.0738134014222102,0.373327196161102,10.0463251339069,0.500951775195276,0.479082218714105,0.642584338488126,"",NA,NA
"134",1.42687742293551,11.2686161445142,10.1491359983666,0.0014436888979355,0.00618194989628792,0.704265084507204,11.2686161445142,1.03301825145913,0.309450819971707,0.794239047321621,0.490065757340303,11.2686161445142,0.541991991075506,0.461608351267132,0.803006194391782,0.894190805907851,11.2686161445142,1.7470178521751,0.186252069508286,0.272842943928805,0.894558477895323,11.2686161445142,1.63235751149314,0.201377281450478,0.431004151644726,"",NA,NA
"110",-0.420604075659473,11.2988095652828,4.93737165305487,0.0262819726805811,0.0608802200729908,0.271312454664425,11.2988095652828,0.773008346117486,0.379288002344614,0.819077292081351,-0.131189985991223,11.2988095652828,0.201638883075219,0.653401226264768,0.897711136213012,0.116554383815638,11.2988095652828,0.156558437334553,0.692345050766337,0.752425660207715,0.0315543132121461,11.2988095652828,0.0104396836996159,0.918617953261847,0.950169281478647,"",NA,NA
"54",0.477140582585878,8.04913318473655,5.68950603710437,0.0170666579256179,0.0431838162663363,0.391726235250695,8.04913318473655,1.41974988853225,0.233444574575092,0.68537712647491,0.919177932918055,8.04913318473655,8.39972776317077,0.00375277207141946,0.08953041941815,-0.325333419944536,8.04913318473655,1.0907753198365,0.296299486906871,0.389622159948405,0.56295466375772,8.04913318473655,2.92815642477085,0.0870468416881399,0.274554983511713,"",NA,NA
