Sample ID,Site,Aggregate,ID,Addition,Replicate,Notes,Incubation,Extraction number,N2O,CO2,CH4,TOC,TN,FUM TOC,FUM TN,MBC,MBN,BG,CBH,LAP,NAG,PHOS,FDA,POXC,CUE,CUEFilt,WHC,MWD,proportion_mass,Bulk_density,infiltration,Dry,fPOM_TC,fPOM_13C%,fPOM_TN,fPOM_15N%,oPOM_TC,oPOM_13C%,oPOM_TN,oPOM_15N%,MAOM_TC,MAOM_13C%,MAOM_TN,MAOM_15N%,fPOM_C Comment (13C analysis) ,fPOM (g),oPOM(g),MAOM,proportion fPOM by mass,proportion oPOM by mass,proportion MAOM by mass,TC,TN,C%,N%,Dry soil / wet soil,Infiltration,bulk_density_g.cm3,Proportion <53,Proportion >53,Proportion >250,Proportion >2000
1,C,A,CA1,16O,1,,Done,6,-5.74,390.16,0.11,115.52,10.9,169.79,18.81,54.27,7.91,338.5350036,32.83129263,14.03992025,28.57621173,24.19639171,27.6206545,308.0775,0.082507435,,0.673,,0.158949854,,,,,,11.89547556,0.369211944,7.551361386,1.087029496,0.840552805,0.367894493,9.962228398,1.085116464,1.355987873,0.368423667,Contained too much carbon. Detectors saturated. No values can be estimated.,0.25,0.79,4.02,0.049407115,0.156126482,0.794466403,9.503107149,1.825724389,1.082957,0.3686601,,,,,,,
2,C,A,CA2,16O,1,,Done,5,-3.61,493.49,0.02,40.98,5.22,118.59,17.38,77.61,12.16,,,,,,23.4038148,225.1649,0.111606045,,0.654,,0.104418335,,,,81.32429366,1.058150233,6.52025417,0.36899298,6.49404917,1.087062478,0.721831292,0.367868946,8.904617667,1.085171437,1.2176753,0.368493007,"Mass 44 & 45 saturated, totals underestimated ",0.12,0.86,4.03,0.023952096,0.171656687,0.804391218,10.63399021,1.28812794,1.076794716,0.368451644,,,,,,,
3,C,A,CA3,16O,1,,Done,7,-5.35,185.46,,51.73,5.84,152.35,23.59,100.62,17.75,404.5415496,27.23108362,5.379077875,32.34119351,138.747026,20.7944641,205.9525,0.095078352,1,0.666,,0.232483256,,,,52.17889487,1.085105469,4.059325371,0.367774059,7.5132776,1.087095461,0.84275879,0.367832451,9.719764173,1.08508348,1.324393205,0.368496656,,0.2,0.77,4.06,0.039761431,0.153081511,0.807157058,11.47463997,1.383820998,1.08576147,0.368034389,,,,,,,
4,C,A,CA4,16O,1,,Done,6,151.51,288.57,0.35,82.72,4.93,130.94,15.01,48.22,10.08,,,,,,18.2839493,268.6865,0.018200566,,0.638,,0.155082145,,,,31.25323134,1.089107361,3.428383012,0.368518553,7.908920188,1.086908559,0.858528951,0.367803255,8.219242393,1.085017512,1.260819812,0.36833973,,0.14,0.82,4.04,0.028,0.164,0.808,9.203361142,1.26559578,1.087011144,0.368220513,,,,,,,
5,C,A,CA5,16O,1,,Done,5,10.62,263.46,0.2,71.57,3.87,104.75,23.87,33.18,20,,,,,,18.430696,200.0207,0.030074424,,0.661,,0.140272768,,,,19.54839035,1.089305248,2.027348875,0.368522203,6.682493851,1.085237405,0.771361352,0.369058669,8.176257789,1.085182432,1.117372757,0.368427317,,0.12,0.78,4.09,0.024048096,0.156312625,0.819639279,8.611117462,1.100045699,1.086575028,0.368669396,,,,,,,
6,C,A,CA6,16O,1,,Done,8,25.63,231.59,0.17,53.12,2.45,98.47,12.51,45.35,10.06,,,,,,27.8419473,219.5021,0.033035633,,0.634,,0.202016034,,,,28.79396752,1.089096367,3.111020882,0.3685368,7.267470912,1.08549028,0.833838961,0.369044071,12.71945117,1.084984528,1.927056551,0.368690077,,0.11,0.89,4,0.022,0.178,0.8,12.50912994,1.785002935,1.086523725,0.368756983,,,,,,,
7,C,A,CA7,16O,1,,Done,6,14.03,135.35,0.77,82.51,3.28,155.79,12.26,73.28,8.98,329.369455,43.09107157,10.38520256,35.11726162,31.74596791,22.2770673,229.3246,0.028371683,,0.624,,0.209218814,,,,37.74149064,1.09070143,3.37671008,0.368420018,9.091584752,1.085336356,1.021337809,0.369131657,8.123654996,1.085270389,1.119385141,0.368792261,,0.16,0.85,3.99,0.032,0.17,0.798,9.627527095,1.186504793,1.087102725,0.368781312,,,,,,,
8,C,A,CA8,16O,1,,Done,6,18.52,482.74,-0.62,61.67,5.14,98.5,15.66,36.83,10.52,,,,,,20.4630359,338.1483,0.01508664,,0.641,,0.164626357,,,,22.6913594,1.089338229,2.363949356,0.368547749,7.069252377,1.086831599,0.785004322,0.367500345,11.09171046,1.084973533,1.534158332,0.3688616,,0.1,1.01,3.89,0.02,0.202,0.778,10.89697761,1.405235742,1.087047787,0.368303231,,,,,,,
9,C,A,CA9,16O,1,,Done,7,112.21,315.03,-0.93,64.65,1.29,125.2,12.92,60.55,11.63,221.7116667,23.02122343,17.91017935,26.3196816,61.43752488,16.7061825,218.8329,0.026456093,,0.662,,0.12144866,,,,32.1374868,1.088656614,3.526293559,0.368489357,5.351867572,1.086886571,0.595415959,0.367894493,12.09963527,1.085160442,1.718720825,0.368814158,,0.2,1.28,3.56,0.03968254,0.253968254,0.706349206,11.57130753,1.515404327,1.086901209,0.368399336,,,,,,,
1,C,B,CB1,16O,1,,Done,5,2.32,505.5,0.51,32.51,4.73,123.47,12.62,90.96,7.89,267.588549,26.29346645,13.82042238,32.48535408,94.47485699,14.7379317,287.7116,0.132812557,,0.804,,0.230845279,,,,,,6.340754662,0.367427355,9.303119682,1.085864094,1.114123653,0.36873752,8.541751933,1.085215415,1.177173324,0.36898933,Contained too much carbon. Detectors saturated. No values can be estimated.,0.29,0.64,4.12,0.057425743,0.126732673,0.815841584,8.555789352,1.493769066,0.72369317,0.368384735,,,,,,,
2,C,B,CB2,16O,1,,Done,5,-5.4,571.54,0.43,40.95,2.67,107.14,10.15,66.19,7.48,,,,,,26.2690766,203.6221,0.074694396,,0.619,,0.260963098,,,,54.40898727,1.094472026,3.804579137,0.367171887,8.873376311,1.085644204,1.027133648,0.368766715,8.249552656,1.085050496,1.146161568,0.369025824,Mass 45 saturated; estimated value used; enrichment is underestimated.,0.23,0.72,4.11,0.045454545,0.14229249,0.812252964,10.85082467,1.284412449,1.088388909,0.368321475,,,,,,,
3,C,B,CB3,16O,1,,Done,5,103.9,455.72,,80.53,6.36,167.64,13.4,87.11,7.04,384.282977,29.82753452,15.6412949,36.79947813,147.162371,22.7827088,242.9719,0.057123752,1,0.477,,0.188029807,,,,54.42176591,1.086809611,4.172347707,0.367358014,6.476655992,1.087722127,0.667453228,0.36746385,7.235861801,1.085105469,1.080740016,0.368832405,,0.2,0.65,4.21,0.039525692,0.128458498,0.83201581,9.416517276,1.182974149,1.086545736,0.367884756,,,,,,,
4,C,B,CB4,16O,1,,Done,5,348.16,431.38,3.82,51.71,5.03,136.82,11.48,85.11,6.45,,,,,,21.2250368,326.4066,0.025216158,,0.729,,0.180176927,,,,29.92640598,1.087590198,2.748572056,0.367379911,8.764173656,1.087645168,0.896726468,0.367354364,11.15933132,1.085325362,1.597917238,0.369047721,,0.25,0.77,4,0.049800797,0.153386454,0.796812749,12.14315055,1.584256299,1.086853576,0.367927332,,,,,,,
5,C,B,CB5,16O,1,,Done,6,1412.81,396.61,-0.63,90.84,2.67,120.85,13.79,30.01,11.12,,,,,,15.8815476,218.5124,0.012393026,,0.651,,0.321291704,,,,25.86684911,1.087337333,2.728036237,0.367602532,10.33171586,1.087678151,1.05001095,0.367496696,10.16110583,1.085303372,1.461070547,0.36899298,,0.24,0.72,4.1,0.04743083,0.14229249,0.81027668,11.3301048,1.482459088,1.086772952,0.368030736,,,,,,,
6,C,B,CB6,16O,1,,Done,8,178.39,263.87,0.8,73.61,3.35,86.46,17.88,12.85,14.53,,,,,,17.9853161,267.7833,0.013991299,,0.712,,0.27805942,,,,23.36326124,1.085930061,3.049943085,0.367974782,7.357804022,1.087216397,0.783992978,0.367255826,8.851544654,1.085413318,1.269322038,0.369065968,,0.18,0.69,4.13,0.036,0.138,0.826,9.562483544,1.281102285,1.086186592,0.368098859,,,,,,,
7,C,B,CB7,16O,1,,Done,6,3.91,517.46,-0.43,84.23,2.64,164.04,18.15,79.81,15.51,467.3585605,29.5887532,6.219558793,43.21232731,116.1000031,25.3826903,285.636,0.052918976,,0.413,,0.219638547,,,,18.43500957,1.086051,2.404822267,0.367982081,6.785108209,1.087414292,0.735532463,0.367372612,8.928431673,1.085336356,1.264793291,0.36886525,,0.17,0.84,4.03,0.033730159,0.166666667,0.799603175,9.302695588,1.245862613,1.086267216,0.368073314,,,,,,,
8,C,B,CB8,16O,1,,Done,6,29.25,253.83,-0.18,60.21,9.12,102.62,8.75,42.41,-0.37,,,,,,23.4250731,278.1817,0.035490018,,0.632,,0.23158399,,,,41.49741577,1.087271368,3.489567381,0.367343415,7.226806159,1.086413815,0.75809317,0.3670624,7.598336576,1.085446302,1.075502652,0.368850652,,0.16,0.78,4.1,0.031746032,0.154761905,0.813492063,9.009074474,1.115092132,1.086377162,0.367752156,,,,,,,
9,C,B,CB9,16O,1,,Done,7,99.62,236.64,-0.81,96.54,3.51,149.14,16.84,52.6,13.33,241.0069663,18.96320865,8.43425623,32.67747483,98.18698547,21.2827373,304.4073,0.044110111,,0.598,,0.205016358,,,,53.61652331,1.08642481,4.464667585,0.367321518,10.02760962,1.086688674,1.066251768,0.367044152,9.278740044,1.085358345,1.311654352,0.368857951,,0.2,0.73,4.06,0.04008016,0.146292585,0.813627255,11.56867176,1.425439248,1.086157276,0.367741207,,,,,,,
1,C,Bulk,C1,16O,1,,Done,8,-1.58,147.7,-0.14,83.96,11.29,106.38,35.7,22.42,24.41,540.1891237,64.12188041,74.81776874,94.30294751,320.5042039,18.0041945,296.4475,1.328654678,1,0.395,1261.640935,,1.421,250,0.855,42.88893942,1.085556248,3.686949078,0.367339766,6.481321425,1.086567736,0.697493518,0.367033204,11.91415643,1.085116464,1.661797027,0.369040422,,0.13,1.34,3.66,0.025341131,0.261208577,0.713450292,11.69651996,1.497762923,1.085746816,0.367804464,0.855,250,1.421,0.448783435,0.161421431,0.230845279,0.158949854
2,C,Bulk,C2,16O,1,,Done,6,-8.86,146.28,-2.14,78.96,5.28,108.26,18.41,29.3,13.13,,,,,,16.0702856,299.0383,0.084436877,,0.452,973.5162986,,1.093,243,,39.53641175,1.085028506,4.601660887,0.367952885,3.120918691,1.084588718,0.432758685,0.367390859,13.79218841,1.085105469,1.927546705,0.36905137,,0.14,0.92,3.99,0.027722772,0.182178218,0.79009901,12.96005954,1.747605545,1.084907564,0.368131705,,243,1.093,0.433724971,0.200893596,0.260963098,0.104418335
3,C,Bulk,C3,16O,1,,Done,6,-17.95,134.01,,109.56,7,113.7,19.28,4.14,12.28,667.070247,72.77530556,84.91463362,107.0293912,363.8155829,27.4063619,254.2793,0.003655106,1,0.476,1657.891501,,,,,34.41186661,1.084291858,3.385736971,0.367949235,4.779300567,1.084258874,0.616020794,0.367452901,14.4814108,1.085116464,2.10873014,0.369022175,,0.14,1.14,3.78,0.027667984,0.225296443,0.747035573,13.24869501,1.829459838,1.084555732,0.368141437,,,,0.368871464,0.210615473,0.188029807,0.232483256
4,C,Bulk,C4,16O,1,,Done,6,9.95,205.14,0.05,116.11,5.63,117.2,16.11,1.09,10.48,,,,,,23.0178322,313.9376,0.006279738,,0.37,1189.863544,,1.153,211,0.853,43.83329793,1.086072989,4.082572056,0.367566037,10.69218916,1.085963044,0.960319753,0.367471149,10.29151943,1.084533744,1.431340793,0.369314127,,0.14,0.9,3.97,0.027944112,0.179640719,0.79241517,11.69823995,1.438261239,1.085523259,0.368117104,0.853,211,1.153,0.447072275,0.217668653,0.180176927,0.155082145
5,C,Bulk,C5,16O,1,,Done,6,16,123.8,0.24,62.22,6.39,111.11,14.11,48.89,7.72,,,,,,21.4398861,262.1903,0.031973717,,0.461,1243.539673,,1.243,240,,55.940492,1.085688182,5.495978134,0.367274074,11.55096452,1.085501275,1.019647535,0.367525892,11.2885855,1.08445678,1.555080971,0.369266685,,0.17,0.84,4,0.033932136,0.167664671,0.798403194,13.24714437,1.61846336,1.085215412,0.368022217,,240,1.243,0.417493237,0.12094229,0.321291704,0.140272768
6,C,Bulk,C6,16O,1,,Done,8,28.73,325.07,0.68,58.64,5.8,107.51,16.78,48.87,10.98,,,,,,16.8568595,308.1458,0.034337302,,0.492,1566.863152,,,,,33.19738785,1.085974039,3.139011925,0.367642677,9.420221881,1.0858531,0.936772797,0.367288672,8.215957342,1.084533744,1.135183174,0.369263036,,0.2,0.72,4.11,0.039761431,0.143141153,0.817097416,9.773450582,1.198273582,1.085453628,0.368064795,,,,0.373791559,0.146132988,0.27805942,0.202016034
7,C,Bulk,C7,16O,1,,Done,5,37.96,271.62,-0.16,100.44,3.4,158.71,16.16,58.27,12.76,833.5398644,84.12870737,17.28146028,39.98558013,150.7597555,16.7476044,238.7861,0.08140701,,0.382,1547.758843,,1.157,245,0.853,19.86425294,1.085512269,2.577797726,0.368036823,8.827184656,1.086226911,0.88257168,0.367354364,12.51816524,1.08522641,1.830831814,0.369084215,,0.13,0.87,4.03,0.02584493,0.172962227,0.801192843,12.47990254,1.716402311,1.085655197,0.368158467,0.853,245,1.157,0.418025549,0.15311709,0.219638547,0.209218814
8,C,Bulk,C8,16O,1,,Done,5,265.34,342.32,-0.32,26.03,6.8,113.37,12.69,87.34,5.89,,,,,,26.6900636,260.5732,0.194136408,,0.371,1293.072705,,1.16,248,,30.91224284,1.085831111,4.051503381,0.367941936,9.053571429,1.086886571,0.989404762,0.366847076,11.19052296,1.084962538,1.53570805,0.369018526,,0.15,0.84,4.02,0.02994012,0.167664671,0.80239521,11.82912596,1.545859105,1.085893407,0.367935846,,248,1.16,0.474025974,0.129763679,0.23158399,0.164626357
9,C,Bulk,C9,16O,1,,Done,7,1123.46,290.84,-0.05,70.39,4.69,127.95,14.93,57.56,10.24,1489.11751,120.6200899,8.059047214,30.53906523,83.32688167,23.6490987,267.9684,-0.272240363,1,0.335,1010.082192,,,,,15.69148936,1.085820116,2.069908815,0.367956534,6.934091885,1.086875576,0.78939459,0.366847076,8.00638813,1.085149448,1.157488022,0.368952836,,0.18,0.76,4.07,0.035928144,0.151696607,0.81237525,8.52889716,1.163492384,1.08594838,0.367918815,,,,0.520748436,0.152786547,0.205016358,0.12144866
1,C,C,CC1,16O,1,,Done,5,29.67,563.59,0.85,31.51,2.97,93.67,11.55,62.16,8.58,356.6100864,24.03869398,7.924254088,32.97243932,122.4812551,20.5573006,324.8674,-0.081724097,1,0.571,,0.161421431,,,,52.20024329,1.086182933,4.699996712,0.36723028,1.2501886,1.085831111,0.337467435,0.367113494,7.490954367,1.085050496,1.149646688,0.367215681,,0.3,3.86,0.93,0.058939096,0.758349705,0.182711198,5.780847053,0.750435711,1.08568818,0.367186485,,,,,,,
2,C,C,CC2,16O,1,,Done,8,1.18,476.67,-0.58,19.24,0.37,60.21,1.18,40.97,0.81,,,,,,19.882087,280.6976,0.043441057,1,0.722,,0.200893596,,,,48.80297122,1.100627482,4.860756436,0.367087947,1.401654604,1.08561122,0.356466061,0.367095246,7.463037305,1.085248399,0.863605209,0.367478448,Contained more C than largest reference,0.3,4.1,0.61,0.05988024,0.818363273,0.121756487,5.370321783,0.700183831,1.0904957,0.367220547,,,,,,,
3,C,C,CC3,16O,1,,Done,5,-8.63,262.98,,47.59,6.43,158.6,15.6,111.01,9.17,303.1248769,37.26795379,8.989342003,37.4042188,27.46176171,17.5045528,231.6198,0.050313529,1,0.666,,0.210615473,,,,38.84754496,1.086930548,3.615477874,0.367208382,2.645761079,1.086886571,0.478323699,0.36722298,5.037095501,1.083181367,0.863193896,0.36791274,,0.29,3.57,1.15,0.057884232,0.71257485,0.229540918,5.701309134,0.779385417,1.085666162,0.367448034,,,,,,,
4,C,C,CC4,16O,1,,Done,5,16.73,270.14,-0.21,47.39,2.98,147.03,16.83,99.64,13.85,,,,,,27.5844431,321.4921,0.074955057,,0.611,,0.217668653,,,,37.71214202,1.087139438,3.392506865,0.367281373,2.694734706,1.086897565,0.486456325,0.367135391,4.904493279,1.083412264,0.653997893,0.368233895,,0.28,3.91,0.86,0.055445545,0.774257426,0.17029703,5.432137264,0.715643713,1.085816422,0.36755022,,,,,,,
5,C,C,CC5,16O,1,,Done,3,10.74,405.02,0.08,65.87,6.13,114.29,19.64,48.42,13.51,,,,,,23.9340504,246.344,0.030618404,,0.612,,0.12094229,,,,38.31280228,1.086732651,3.491171843,0.367358014,2.731742995,1.086941542,0.501406549,0.367069699,4.914259749,1.083412264,0.675253862,0.368215648,,0.44,3.88,0.7,0.087649402,0.772908367,0.139442231,6.531125969,0.784088746,1.085695486,0.367547787,,,,,,,
6,C,C,CC6,16O,1,,Done,6,11.17,128.02,0.27,41.29,4.7,96.24,11.71,54.95,7.01,,,,,,19.3410912,213.8775,0.258771696,,0.512,,0.146132988,,,,38.50313662,1.086677679,3.471305762,0.367255826,2.161493604,1.086127961,0.412998495,0.367168237,7.482857045,1.084654686,0.928960506,0.368171854,,0.39,3.76,0.87,0.077689243,0.749003984,0.173306773,6.325981465,0.778920583,1.085820109,0.367531972,,,,,,,
7,C,C,CC7,16O,1,,Done,8,10.13,198.28,0.35,47.66,5.19,142.43,9.47,94.77,4.28,444.3271922,34.45913926,16.98389532,54.75123103,170.0136708,20.6946846,217.2599,0.200540582,,0.701,,0.15311709,,,,37.83136966,1.086556742,3.421060383,0.36730692,2.24248394,1.086292877,0.411134904,0.367139041,7.462350047,1.084830602,0.931647536,0.368146307,,0.45,4,0.56,0.089820359,0.798403194,0.111776447,6.410634819,0.747754844,1.085893407,0.367530756,,,,,,,
8,C,C,CC8,16O,1,,Done,6,12.49,93.48,0.13,20.49,6.98,86.16,8.69,65.67,1.71,,,,,,17.0532866,257.2469,0.145866945,,0.498,,0.129763679,,,,52.86757736,1.086600719,5.321717313,0.367328817,2.216576279,1.086127961,0.432916765,0.367332467,6.210198752,1.085006517,0.815288866,0.367901792,,0.47,3.6,0.97,0.093253968,0.714285714,0.192460317,8.118094158,0.99190547,1.085911732,0.367521025,,,,,,,
9,C,C,CC9,16O,1,,Done,5,-2.33,117.82,-0.69,60.57,4.97,98.76,7.08,38.19,2.11,218.6270645,28.14232057,21.42408268,28.93053137,6.772433853,24.1167582,299.4569,0.153012008,,0.452,,0.152786547,,,,50.99245542,1.103034496,5.073682148,0.367263125,1.55473781,1.086754639,0.402598896,0.367358014,7.223611242,1.08491856,1.067487546,0.367642677,Mass 45 saturated; estimated value used; enrichment is underestimated.,0.51,3.49,0.98,0.102409639,0.700803213,0.196787149,8.116830366,1.015436688,1.091569232,0.367421272,,,,,,,
1,C,D,CD1,16O,1,,Done,5,6.15,242.77,-0.7,83.35,12.57,105.89,13.35,22.54,0.78,326.1755428,22.81324442,4.738711462,41.71522364,129.7260711,23.2247791,326.7582,0.039249652,,0.95,,0.448783435,,,,46.79871605,1.083434254,3.615604938,0.367814204,0,0,0,0,11.17539559,1.085072485,1.87783152,0.368828756,,0.2,0,4.9,0.039215686,0,0.960784314,14.67053659,2.136530024,1.084812267,0.368557478,,,,,,,
2,C,D,CD2,16O,1,,Done,6,-4.52,389.95,-0.79,34.3,10.2,131.18,15.38,96.88,5.18,,,,,,21.609297,303.3028,0.078646337,,0.861,,0.433724971,,,,43.08008638,1.083445249,3.633555535,0.367890843,0,0,0,0,11.02027358,1.085094474,1.872583208,0.368759416,,0.11,0,4.8,0.022403259,0,0.977596741,14.03681592,2.12301697,1.0847463,0.368568426,,,,,,,
3,C,D,CD3,16O,1,,Done,5,0.96,225.52,,13.47,4.29,53.99,11.03,40.52,6.74,369.1499226,25.81894197,15.90445149,47.35241603,106.9221372,18.7967973,244.9088,0.049057575,1,0.896,,0.368871464,,,,43.092256,1.083346293,3.639376814,0.367898142,0,0,0,0,11.83977011,1.085204421,2.027873391,0.368971083,,0.21,0,4.93,0.040856031,0,0.959143969,15.19915584,2.293563083,1.084819595,0.368625601,,,,,,,
4,C,D,CD4,16O,1,,Done,5,352.65,453.11,3.99,23.03,2.74,23.67,11.05,0.64,8.31,,,,,,16.7828988,294.6214,0.000303563,,0.898,,0.447072275,,,,49.19732515,1.082763553,3.873931155,0.367938287,0,0,0,0,11.81663078,1.08506149,2.024617135,0.368952836,,0.15,0,4.76,0.030549898,0,0.969450102,15.39573083,2.334813881,1.084621683,0.368500304,,,,,,,
5,C,D,CD5,16O,1,,Done,6,2.64,420.35,-0.1,45.48,5.15,56.06,7,10.58,1.85,,,,,,25.2725032,273.0504,0.004253449,,0.882,,0.417493237,,,,42.85166068,1.083445249,3.52064632,0.367635378,0,0,0,0,10.05737354,1.084984528,1.562310454,0.368693726,,0.08,0,4.99,0.015779093,0,0.984220907,12.47339732,1.777699758,1.084793942,0.368329995,,,,,,,
6,C,D,CD6,16O,1,,Done,7,11.96,222.76,0.12,22.41,7.27,67.65,15.55,45.24,8.28,,,,,,23.7108873,191.5159,0.060870515,,0.765,,0.373791559,,,,49.48717597,1.082873504,3.924153065,0.367941936,0,0,0,0,10.01170012,1.084951544,1.559265593,0.368664531,,0.1,0,4.79,0.020449898,0,0.979550102,13.32566594,1.88088877,1.08461802,0.368421233,,,,,,,
7,C,D,CD7,16O,1,,Done,8,4.78,123.83,0.66,95.04,3.89,162.66,8.25,67.62,4.36,400.8366112,28.03516017,98.16184635,123.7266441,420.6617677,21.9233494,251.4388,0.164962321,,0.798,,0.418025549,,,,47.96961326,1.082642606,3.569572335,0.367814204,0,0,0,0,10.04771001,1.085039501,1.560034329,0.368704675,,0.2,0,4.97,0.03868472,0,0.96131528,13.38908935,1.826916411,1.084460428,0.36843583,,,,,,,
8,C,D,CD8,16O,1,,Done,7,14.24,316.24,-0.34,28.36,3,52.77,7.29,24.41,4.29,,,,,,15.326041,214.3686,0.049151123,,0.8,,0.474025974,,,,46.52537613,1.082719572,3.776830491,0.368036823,0,0,0,0,7.46154653,1.085072485,1.191032451,0.369241139,,0.1,0,4.96,0.019762846,0,0.980237154,10.57892824,1.475141106,1.084592363,0.368701023,,,,,,,
9,C,D,CD9,16O,1,,Done,5,1.99,264.24,0.06,26.68,4.15,50.49,8.41,23.81,4.26,243.7393395,30.99597809,39.56996269,119.5336308,120.5203465,14.8851468,238.1106,0.027586064,,0.791,,0.520748436,,,,48.82671395,1.082367725,3.699881797,0.367857998,0,0,0,0,7.417976446,1.085116464,1.303795806,0.369098813,,0.23,0,4.79,0.045816733,0,0.954183267,11.37817967,1.626920594,1.084438433,0.368617085,,,,,,,
1,O,A,OA1,16O,1,,Done,2,16.53,334.77,-0.14,58.24,4.86,129.56,14.31,71.32,9.45,728.423468,1105.924104,13.44505419,66.78699838,198.1209499,52.692547,360.1181,-0.071216992,,0.653,,0.261684211,,,,69.74686953,1.107463537,6.821192945,0.369500246,6.737184044,1.085930061,0.723020579,0.369029474,14.69884601,1.08549028,2.101377342,0.370091442,Mass 45 saturated; estimated value used; enrichment is underestimated.,0.18,1.27,3.55,0.036,0.254,0.71,16.22604922,2.03209853,1.093606289,0.369023379,,,,,,,
2,O,A,OA2,16O,1,,Done,5,2980.94,365.79,-0.74,11.97,1.62,275.84,30.71,263.87,29.09,,,,,,42.107867,345.0309,0.261691457,,0.7,,0.259650978,,,,84.57856161,1.100297745,9.196671248,0.36911706,7.575768838,1.085699177,0.800706123,0.36905502,13.35790475,1.085457297,1.905353298,0.370109689,Mass 45 saturated; estimated value used; enrichment is underestimated.,0.19,1.26,3.55,0.038,0.252,0.71,15.65186478,1.937475827,1.091214027,0.368890784,,,,,,,
3,O,A,OA3,16O,1,,Done,3,372.74,238.5,,54.99,1.6,151.98,42.91,96.99,41.31,824.3949394,166.2644562,15.21647108,60.575444,197.8586862,27.8734983,331.1814,0.20411338,,0.656,,0.202629701,,,,95.39386895,1.072460003,9.336771757,0.369430908,6.732367973,1.085908072,0.721635434,0.369007577,10.32559368,1.085424313,1.47578568,0.370091442,"Mass 44 & 45 saturated, totals underestimated ",0.2,1.25,3.55,0.04,0.25,0.71,14.74532662,1.719326953,1.081953102,0.368988101,,,,,,,
4,O,A,OA4,16O,1,,Done,5,7633.64,1084.41,-0.24,62.22,8.25,151.82,47.82,89.6,39.57,,,,,,20.4013428,341.4056,0.179038615,,0.65,,0.389133546,,,,98.21389794,1.08573216,9.035210175,0.369602429,7.859003679,1.086040006,0.893109277,0.368609789,11.80627278,1.085325362,1.674041374,0.370109689,Contained more C than largest reference,0.25,1.31,3.5,0.049407115,0.258893281,0.691699605,15.57959234,1.853686545,1.085666193,0.369668116,,,,,,,
5,O,A,OA5,16O,1,,Done,1,4012.51,986.54,-0.19,51.73,4.81,148.08,51.7,96.35,46.89,,,,,,16.6268318,335.708,0.191407749,,0.632,,0.199247496,,,,83.13273439,1.086314866,7.7206202,0.369580532,5.920346008,1.08595205,0.625428005,0.368660882,14.08198018,1.085435308,1.922392389,0.369894378,Contained more C than largest reference,0.16,1.29,3.67,0.03125,0.251953125,0.716796875,16.03530678,1.985625188,1.085897077,0.369561068,,,,,,,
6,O,A,OA6,16O,1,,Done,3,2374.01,1066.33,0.22,78.53,7.53,91.41,60.11,12.88,52.58,,,,,,52.8787188,306.2113,0.172875053,,0.651,,0.336370042,,,,61.74112515,1.084764634,5.70412154,0.369522142,9.892944854,1.086029011,1.132842152,0.368657232,14.30057924,1.085424313,1.953451965,0.369901676,,0.17,1.06,3.78,0.033932136,0.211576846,0.754491018,14.81180765,1.849847131,1.085208085,0.369516059,,,,,,,
7,O,A,OA7,16O,1,,Done,4,4661.31,827.08,0.17,60.58,8.5,105.18,41.44,44.6,32.94,895.1584536,109.8276318,17.59896058,82.07443721,258.1576014,49.7515052,332.8644,0.175023906,,0.732,,0.2419902,,,,37.34666081,1.085501275,4.430287053,0.369230191,8.10797704,1.085699177,0.907656089,0.368788612,11.59519159,1.08549028,1.573735318,0.369865183,,0.21,0.91,3.9,0.041832669,0.1812749,0.77689243,13.55473449,1.710637693,1.085482951,0.369410227,,,,,,,
8,O,A,OA8,16O,1,,Done,4,5404.11,864.96,0.04,45.38,6.78,91.62,53.89,46.24,47.11,,,,,,31.2782342,357.3264,0.173344265,1,0.634,,0.284721873,,,,44.55977787,1.086490776,5.328179443,0.369310478,9.619505903,1.085985033,1.093560869,0.368825106,14.66583203,1.08522641,2.022233936,0.36971191,,0.2,1.02,3.8,0.039840637,0.203187251,0.756972112,16.3052046,2.10283596,1.085889745,0.369396846,,,,,,,
9,O,A,OA9,16O,1,,Done,3,11935.16,1424.94,-0.28,50.49,8.92,145.06,32.92,94.57,24,513.0304846,64.08713287,41.00654194,60.26065436,15.46949516,24.7181824,378.1034,0.189450097,,0.629,,0.251879889,,,,36.03860844,1.085545253,4.281717766,0.369273984,6.459932881,1.085831111,0.74209064,0.368894445,15.8921973,1.085116464,2.103097877,0.369690014,,0.18,1.28,3.52,0.036144578,0.257028112,0.706827309,15.29205007,1.931718696,1.085351015,0.369186396,,,,,,,
1,O,B,OB1,16O,1,,Done,3,31.84,169.44,-0.23,49.36,5.26,107.72,14.46,58.36,9.2,557.8764318,146.9088734,44.82578107,53.47398515,179.2953084,,371.4666,4.737700337,,0.684,,0.188368421,,,,57.13336753,1.085677188,5.707360862,0.369248438,9.042736516,1.08786505,0.825052176,0.367478448,11.85615887,1.085325362,1.644377851,0.369971014,,0.15,1.61,3.32,0.029527559,0.316929134,0.653543307,11.57417102,1.476525088,1.085908069,0.369259383,,,,,,,
2,O,B,OB2,16O,1,,Done,3,61.08,234.7,-0.79,40.38,5.86,151.08,12.75,110.7,6.89,,,,,,56.2204976,344.8665,0.226224352,,0.595,,0.195769434,,,,40.48272957,1.0858531,4.153011794,0.369204645,8.367456504,1.087887038,0.744340103,0.367445602,12.24503587,1.085281383,1.676463782,0.370025754,,0.15,1.54,3.33,0.029880478,0.306772908,0.663346614,11.07659728,1.426989034,1.085860427,0.369293444,,,,,,,
3,O,B,OB3,16O,1,,Done,3,201.71,266.49,,61.94,6.41,179.63,46.09,117.69,39.68,631.3779379,125.4404329,15.28330787,75.58633941,276.655948,38.9360332,390.4765,0.197867321,,0.611,,0.169707471,,,,72.0471026,1.08468767,6.45348219,0.369613377,9.145185986,1.08797499,0.815545348,0.367441953,17.01709986,1.085468291,2.369455425,0.370416232,Contained more C than largest reference,0.16,1.76,3.1,0.03187251,0.35059761,0.61752988,14.02256203,1.816449449,1.085691838,0.3695416,,,,,,,
4,O,B,OB4,16O,1,,Done,5,342.73,462.12,3.92,71.57,5.81,142.94,47.03,71.37,41.22,,,,,,32.4793474,335.708,0.176947399,,0.739,,0.202741385,,,,71.29198284,1.08738131,6.079071813,0.369668117,9.078924652,1.085941056,0.963867308,0.369292231,13.59147135,1.085303372,1.897294988,0.370441778,Contained more C than largest reference,0.21,1.19,3.6,0.042,0.238,0.72,14.43293666,1.812107845,1.086472444,0.369534301,,,,,,,
5,O,B,OB5,16O,1,,Done,4,792.59,1157.05,0.27,80.53,6.53,138.06,38.83,57.53,32.3,,,,,,23.0414322,336.9364,0.175364318,,0.711,,0.193493056,,,,82.8143551,1.091097192,6.30577442,0.369657169,9.578071575,1.085941056,1.056872578,0.369208295,15.63488096,1.085193426,2.146452021,0.369795845,Contained more C than largest reference,0.16,1.53,3.33,0.03187251,0.304780876,0.663346614,15.27426171,1.853712397,1.087274959,0.369377381,,,,,,,
6,O,B,OB6,16O,1,,Done,2,466.77,1008.86,-0.02,64.44,6.46,92.83,45.74,28.39,39.28,,,,,,16.3268182,305.6752,0.175176566,,0.642,,0.1661969,,,,62.51598498,1.087183415,4.991677662,0.369664468,6.504088588,1.085435308,0.698294089,0.369124359,13.88821493,1.085160442,1.995936523,0.36959513,Contained more C than largest reference,0.22,1.18,3.62,0.043824701,0.235059761,0.721115538,14.45080475,1.824430189,1.085974031,0.369355486,,,,,,,
7,O,B,OB7,16O,1,,Done,1,43.96,1114.87,0.39,54.16,7.65,94.52,38.73,40.36,31.08,685.5734691,180.5360834,55.08633182,65.82007119,300.4032397,59.4253318,309.4154,0.176983295,,0.62,,0.176969469,,,,53.93248777,1.085963044,4.554579047,0.369733806,8.898148831,1.085457297,0.984691244,0.369135307,17.48536009,1.085413318,2.56144196,0.370149832,Contained more C than largest reference in run,0.24,1.46,3.32,0.047808765,0.290836653,0.661354582,16.4731633,2.121597026,1.085746819,0.369692445,,,,,,,
8,O,B,OB8,16O,1,,Done,1,2214.39,1771.09,0.91,99.11,4.06,121.06,71.32,21.95,67.26,,,,,,36.3293567,355.9831,0.174463073,,0.698,,0.132997735,,,,57.26944675,1.085050496,4.995748804,0.369208295,9.492232499,1.08595205,1.020903468,0.369168151,14.34593356,1.085468291,2.252290951,0.369806793,Contained more C than largest reference,0.3,1.59,3.12,0.05988024,0.317365269,0.622754491,13.91943375,1.827607725,1.085453631,0.369382248,,,,,,,
9,O,B,OB9,16O,1,,Done,3,263.41,1227.78,-0.71,20.68,8.02,187.59,39.63,166.91,31.61,551.8014129,70.84794992,19.20691999,74.41481827,139.9086763,33.9731739,331.1814,0.270690266,,0.655,,0.174968458,,,,311.0026425,1.084973533,29.80369951,0.369744754,8.908966121,1.085391329,0.985243826,0.368595191,14.94962334,1.085347351,2.213774285,0.36982504,Contained more C than largest reference,0.32,1.39,3.57,0.060606061,0.263257576,0.676136364,30.10672203,3.402789537,1.085486613,0.369351834,,,,,,,
1,O,Bulk,O1,16O,1,,Done,5,-4.84,984.16,-0.94,88.12,7.58,137.25,15.23,49.13,7.65,981.3072125,951.0879105,146.2745384,1241.716727,680.2430451,18.1439866,338.217,0.094677945,,0.527,1835.392766,,1.233,144,0.844,82.85363664,1.085347351,8.120173601,0.369354271,6.344127281,1.086721657,0.80655124,0.368558697,13.95304472,1.085413318,1.942815678,0.369923573,Contained more C than largest reference,0.1,1.38,3.53,0.01996008,0.275449102,0.704590818,13.73985256,1.832618596,1.085567242,0.369155982,0.844,144,1.233,0.304,0.245947368,0.188368421,0.261684211
2,O,Bulk,O2,16O,1,,Done,4,-4.89,954.85,-0.83,94.11,10.97,290.86,92.8,196.75,81.83,,,,,,15.7576708,294.8308,0.235903413,,0.51,1829.141748,,1.564,143,,79.80064289,1.086029011,7.396977199,0.369460103,6.267515372,1.086446798,0.784186369,0.368649933,14.86954905,1.085347351,2.067900597,0.369956417,Contained more C than largest reference,0.4,1.07,3.53,0.08,0.214,0.706,19.01020147,2.350974897,1.085743154,0.36918031,,143,1.564,0.319883659,0.224695928,0.195769434,0.259650978
3,O,Bulk,O3,16O,1,,Done,5,124.75,973.29,,90.66,5.46,186.2,54.43,95.54,48.97,1111.626895,1077.598192,165.6486494,1406.182518,770.3414617,48.2584001,344.8665,0.195695479,,0.581,1464.989321,,,,,137.7942884,1.097593817,12.43935352,0.369460103,6.47010161,1.086919553,0.860084525,0.368595191,15.98675246,1.085215415,2.255992935,0.370277558,Mass 45 saturated; estimated value used; enrichment is underestimated.,1.1,0.62,3.32,0.218253968,0.123015873,0.658730159,42.62607202,4.477968705,1.089444165,0.369479562,,,,0.373611253,0.254051575,0.169707471,0.202629701
4,O,Bulk,O4,16O,1,,Done,2,534.81,1159.02,-0.2,73.03,8.95,192.96,41.32,119.93,32.37,,,,,,38.3801924,341.9015,0.194641278,,0.524,2600.511504,,1.28,139,0.84,177.8482313,1.107826195,15.78185622,0.369368868,6.566748479,1.086732651,0.919645716,0.368493007,17.55767624,1.085347351,2.462427186,0.370197273,Mass 45 saturated; estimated value used; enrichment is underestimated.,0.6,0.96,3.45,0.119760479,0.191616766,0.688622754,35.52287021,3.895037872,1.092858623,0.369384678,0.84,139,1.28,0.245733788,0.16239128,0.202741385,0.389133546
5,O,Bulk,O5,16O,1,,Done,5,363.68,1143.33,-0.14,67.59,8.24,182.18,58.75,114.59,50.51,,,,,,20.5864911,341.4776,0.192099116,,0.513,1469.237286,,1.553,148,,99.81036489,1.110254837,8.86811211,0.369270335,8.002824365,1.085534259,0.903921618,0.368679129,14.63453234,1.085578237,2.033867649,0.369737455,Mass 45 saturated; estimated value used; enrichment is underestimated.,0.3,1.17,3.55,0.059760956,0.233067729,0.707171315,18.44476987,2.259510605,1.093752462,0.369216808,,148,1.553,0.364742987,0.242516461,0.193493056,0.199247496
6,O,Bulk,O6,16O,1,,Done,4,4398.49,821.17,0.24,48.09,7.04,118.57,55.94,70.48,48.9,,,,,,24.7799942,338.217,0.193804115,,0.572,2251.753472,,,,,112.2263445,1.085534259,11.10740452,0.369372518,6.769171853,1.085578237,0.769267592,0.368806859,15.39827504,1.085248399,2.106143182,0.369752053,Contained more C than largest reference,0.6,0.96,3.45,0.119760479,0.191616766,0.688622754,26.21283438,3.0811043,1.085405989,0.369271549,,,,0.292379706,0.205053352,0.1661969,0.336370042
7,O,Bulk,O7,16O,1,,Done,5,4833.64,1342.47,-0.35,90.66,5.68,196.91,71.99,106.25,66.31,1207.871648,1163.478734,16.52260593,87.08202343,214.8422644,16.3816951,300.0491,0.223406291,,0.498,1707.550354,,1.543,155,0.841,111.9208488,1.085105469,11.05885998,0.369449155,7.587977035,1.085864094,0.770685579,0.369193697,14.49745773,1.085270389,1.985721992,0.369835988,Contained more C than largest reference,0.23,1.31,3.59,0.044834308,0.255360624,0.699805068,17.04793341,2.166357682,1.085263059,0.369141384,0.841,155,1.543,0.319889433,0.261150898,0.176969469,0.2419902
8,O,Bulk,O8,16O,1,,Done,4,2322.64,1143.19,-0.27,58.74,7.54,168.14,63.89,109.4,56.35,,,,,,58.2716109,298.9922,0.393622557,,0.563,1912.550745,,1.445,151,,68.97835749,1.08561122,6.91236715,0.369438207,6.380562309,1.085842105,0.64960919,0.369131657,14.52783204,1.085160442,2.199624154,0.369799494,Contained more C than largest reference,0.44,0.92,3.66,0.087649402,0.183266932,0.729083665,18.44104754,2.461223268,1.085274053,0.369180312,,151,1.445,0.341303801,0.240976592,0.132997735,0.284721873
9,O,Bulk,O9,16O,1,,Done,4,33979.87,1951.37,-0.38,52.43,8.91,279.64,80.87,227.21,71.96,3401.420615,275.5186595,18.64826041,70.66597651,192.8145285,40.2492832,328.3527,-0.063365401,,0.601,1760.114686,,,,,21.815,1.085204421,2.217159091,0.369387115,6.773059207,1.086138956,0.845298281,0.368485708,11.96153686,1.08536934,1.703382426,0.370007508,,0.82,0.57,3.65,0.162698413,0.113095238,0.724206349,13.35743274,1.735828037,1.085171437,0.369305609,,,,0.353671461,0.219480192,0.174968458,0.251879889
1,O,C,OC1,16O,1,,Done,5,57.72,340.17,-0.11,45.41,4.82,96.92,11.88,51.51,7.06,190.8736275,118.4170021,54.63164047,70.86185608,174.825079,32.4806799,308.9543,-9.683853456,1,0.635,,0.245947368,,,,66.43558212,1.086798616,7.480289622,0.369390765,2.32429454,1.085941056,0.356745097,0.368190101,7.369797302,1.084753639,1.127281252,0.368748468,Contained more C than largest reference,0.16,3.99,0.84,0.032064128,0.799599198,0.168336673,11.68741543,1.528852047,1.08555624,0.3688543,,,,,,,
2,O,C,OC2,16O,1,,Done,3,-2.19,336.69,0.2,42.02,4.73,131.7,14.69,89.68,9.96,,,,,,21.9081164,332.8404,0.186489629,,0.692,,0.224695928,,,,66.30379117,1.086721657,7.452454941,0.369427258,2.124836129,1.0858531,0.344775307,0.368124411,7.371942877,1.084698665,1.125149649,0.368722922,Contained more C than largest reference in run,0.13,4.07,0.8,0.026,0.814,0.16,10.46460848,1.37167789,1.085530586,0.368881062,,,,,,,
3,O,C,OC3,16O,1,,Done,2,2.39,245.17,,69.13,7.26,178.1,33.45,108.97,26.19,341.8216723,134.1430316,50.73168108,183.1840704,224.189496,13.9380231,326.8549,0.187130727,,0.757,,0.254051575,,,,65.96333187,1.086710662,7.414514011,0.36929953,1.981796978,1.085523264,0.322397999,0.368701025,6.129299699,1.084214894,0.838392649,0.369200996,Contained more C than largest reference,0.15,4.11,0.74,0.03,0.822,0.148,11.13781357,1.441911855,1.085336345,0.368999061,,,,,,,
4,O,C,OC4,16O,1,,Done,5,395.44,1115.4,0.36,90.84,4.06,170.32,33.97,79.48,29.91,,,,,,53.0460376,313.5896,0.178799107,,0.723,,0.16239128,,,,83.04529289,1.085985033,8.587029289,0.369398063,2.092727092,1.085402324,0.344841309,0.368587893,6.267937581,1.084203899,1.003459002,0.368825106,Contained more C than largest reference,0.21,4.13,0.66,0.042,0.826,0.132,11.34435752,1.519793826,1.085068815,0.3688543,,,,,,,
5,O,C,OC5,16O,1,,Done,3,1.34,670.37,-0.16,109.56,5.91,174.9,20.01,65.34,14.1,,,,,,41.0240485,336.9364,0.182321966,,0.734,,0.242516461,,,,52.48951334,1.086369838,5.963551212,0.369186398,2.132274096,1.085424313,0.343506112,0.368642634,5.637426575,1.083819078,0.724609484,0.369259386,Contained more C than largest reference in run,0.16,4.08,0.76,0.032,0.816,0.152,9.628779605,1.227461181,1.085123783,0.3689577,,,,,,,
6,O,C,OC6,16O,1,,Done,4,44.97,436.95,-0.04,73.63,9.17,98.28,33.65,24.65,24.48,,,,,,26.3700974,342.6007,0.186292998,,0.772,,0.205053352,,,,52.21800708,1.086336855,5.925240263,0.36923749,2.13998363,1.085435308,0.342383449,0.368690077,5.565754998,1.083874053,0.73759018,0.369222892,Contained more C than largest reference in run,0.19,4.14,0.67,0.038,0.828,0.134,13.31006987,1.890054955,1.085065145,0.369050153,,,,,,,
7,O,C,OC7,16O,1,,Done,6,-2.15,198.44,-0.46,56.64,6.27,86.59,30.44,29.95,24.17,248.7141206,144.0526197,67.24500624,210.9392325,220.6910507,24.5488048,342.6007,0.180105478,,0.688,,0.261150898,,,,84.78685205,1.087590198,8.645788337,0.369387115,1.873229175,1.085413318,0.328125422,0.368139009,7.092099673,1.084907565,1.050760109,0.369423609,Contained more C than largest reference,0.14,3.96,0.9,0.028,0.792,0.18,10.50427269,1.315474436,1.085922717,0.369200995,,,,,,,
8,O,C,OC8,16O,1,,Done,3,15.13,173.39,-0.45,80.19,6.5,175.58,46.61,95.39,40.11,,,,,,14.424475,376.4273,0.204660059,,0.775,,0.240976592,,,,18.73326027,1.086369838,2.20690411,0.368949187,1.701158512,1.085050496,0.282899009,0.368303235,6.123281193,1.083621169,0.772202839,0.368982031,,0.22,4.13,0.65,0.044,0.826,0.13,10.64880404,1.410228632,1.08498818,0.368930939,,,,,,,
9,O,C,OC9,16O,1,,Done,3,3,136.12,-0.08,47.38,8.95,158.96,24.31,111.58,15.36,497.8687417,53.27004027,48.96933185,66.12692885,224.4273954,50.7942107,341.1052,0.253750887,,0.746,,0.219480192,,,,92.46611675,1.087260374,9.991118573,0.36923749,1.462010858,1.084940549,0.250491985,0.368522203,6.197791323,1.083247338,0.755043746,0.369091514,Contained more C than largest reference,1.97,2.73,0.6,0.371698113,0.51509434,0.113207547,44.00212883,5.017616861,1.085222718,0.369047721,,,,,,,
1,O,D,OD1,16O,1,,Done,5,1.4,96.85,-0.4,12.85,2.91,26.36,3.67,13.51,0.76,301.8425294,89.37079698,13.50617905,161.8835971,244.449202,34.5863931,317.3177,0.221618404,,0.692,,0.304,,,,50.9800847,1.084434791,5.556598375,0.36929953,0,0,0,0,14.72117565,1.085325362,2.375770867,0.37010604,,0.88,0,4.11,0.176352705,0,0.823647295,28.48306037,3.915916951,1.084991856,0.369464967,,,,,,,
2,O,D,OD2,16O,1,,Done,4,-2.17,98.79,-0.28,71.71,0.56,191.05,22.57,119.34,22.01,,,,,,28.4435442,298.5028,0.586629958,,0.907,,0.319883659,,,,53.56656347,1.084555733,5.716428019,0.369255737,0,0,0,0,14.69609906,1.085248399,2.372593965,0.370076845,Contained more C than largest reference,0.9,0,4.09,0.180360721,0,0.819639279,28.80317074,3.922306517,1.084951543,0.369452802,,,,,,,
3,O,D,OD3,16O,1,,Done,5,-9.35,72.68,,16.54,4.88,59.68,20.4,43.14,15.52,215.9885785,101.1456055,61.88683841,80.19806901,203.1061064,23.8385348,341.4776,0.238067881,,0.874,,0.373611253,,,,54.20586887,1.08445678,5.694635488,0.369273984,0,0,0,0,14.77739983,1.085424313,2.599753222,0.369814092,,0.1,0,4.89,0.02004008,0,0.97995992,21.99180312,3.58486989,1.084995521,0.369306827,,,,,,,
4,O,D,OD4,16O,1,,Done,3,26.81,396.13,-0.32,20.35,8.46,111.32,29.28,90.97,20.82,,,,,,16.1649931,319.6526,0.204527209,,0.863,,0.245733788,,,,53.50005942,1.084577723,5.673202614,0.36936157,0,0,0,0,10.32856845,1.085028506,1.690201929,0.369744754,,0.34,0,4.65,0.068136273,0,0.931863727,22.57760791,3.270427078,1.084977197,0.369384682,,,,,,,
5,O,D,OD5,16O,1,,Done,4,1695.85,292.2,0.46,47.47,9.13,82.69,18.09,35.22,8.96,,,,,,51.1732536,341.9015,0.186423248,,0.881,,0.364742987,,,,27.59107009,1.084951544,4.127508855,0.369471051,0,0,0,0,10.25233977,1.084984528,1.496959286,0.37010604,,0.37,0,4.62,0.074148297,0,0.925851703,20.18219979,2.906797049,1.085079815,0.369523357,,,,,,,
6,O,D,OD6,16O,1,,Done,5,1204.9,477.85,0.63,33.96,8.12,104.77,15.08,70.81,6.96,,,,,,35.391171,341.4056,0.201411372,,0.846,,0.292379706,,,,28.07220663,1.085028506,4.147894441,0.369423609,0,0,0,0,14.09613116,1.085391329,2.240516242,0.370025754,,2.43,0,2.56,0.486973948,0,0.513026052,28.60218519,4.226513237,1.085277718,0.36950511,,,,,,,
7,O,D,OD7,16O,1,,Done,3,82,854.47,0.59,11.68,7.45,52.12,26.98,40.44,19.53,369.2065273,145.7571469,178.9194997,1518.838056,832.0569436,31.0853694,341.1052,0.183496163,,0.884,,0.319889433,,,,27.79400875,1.084907565,4.156961741,0.36941996,0,0,0,0,14.2305915,1.085413318,2.243626771,0.370087793,,0.2,0,4.79,0.04008016,0,0.95991984,22.31375255,3.351981074,1.08521908,0.369457668,,,,,,,
8,O,D,OD8,16O,1,,Done,4,1149.52,592.68,0.5,13.95,7.56,77.38,22.15,63.43,14.59,,,,,,17.3897969,309.2681,0.190226062,,0.871,,0.341303801,,,,27.59861394,1.085050496,4.081686896,0.369441856,0,0,0,0,14.37269127,1.085182432,2.167875817,0.369905326,,0.24,0,4.75,0.048096192,0,0.951903808,21.58246468,3.147306113,1.08522641,0.369399278,,,,,,,
9,O,D,OD9,16O,1,,Done,4,137.11,590.47,-1.09,22.71,10.41,46.63,33.98,23.92,23.57,557.1184904,43.41752226,90.38513475,273.0369854,275.9393163,9.9669185,355.3979,0.177100963,,0.892,,0.353671461,,,,54.96202652,1.084412801,5.906211239,0.369303179,0,0,0,0,14.91695876,1.085248399,2.48940192,0.369700962,Contained more C than largest reference,0.16,0,4.83,0.032064128,0,0.967935872,24.14597513,3.681727061,1.085006515,0.369287364,,,,,,,
1,C,A,,18O,1,,Done,4,11.42,195.54,-0.85,,,,,,,,,,,,,,,,,,,,,,,,,,,,,,,,,,,,,,,,,,,,,,,,,,,
2,C,A,,18O,1,,Done,4,137.33,151.75,-0.16,,,,,,,,,,,,,,,,,,,,,,,,,,,,,,,,,,,,,,,,,,,,,,,,,,,
3,C,A,,18O,1,,Done,4,-13.7,101.84,,,,,,,,,,,,,,,,,,,,,,,,,,,,,,,,,,,,,,,,,,,,,,,,,,,,
4,C,A,,18O,1,,Done,4,53.42,336.94,0.15,,,,,,,,,,,,,,,,,,,,,,,,,,,,,,,,,,,,,,,,,,,,,,,,,,,
5,C,A,,18O,1,,Done,3,995.43,335.52,0.33,,,,,,,,,,,,,,,,,,,,,,,,,,,,,,,,,,,,,,,,,,,,,,,,,,,
6,C,A,,18O,1,,Done,3,211.14,314.71,0.51,,,,,,,,,,,,,,,,,,,,,,,,,,,,,,,,,,,,,,,,,,,,,,,,,,,
7,C,A,,18O,1,,Done,3,566.71,400.9,0.68,,,,,,,,,,,,,,,,,,,,,,,,,,,,,,,,,,,,,,,,,,,,,,,,,,,
8,C,A,,18O,1,,Done,3,19.07,441.95,0.07,,,,,,,,,,,,,,,,,,,,,,,,,,,,,,,,,,,,,,,,,,,,,,,,,,,
9,C,A,,18O,1,,Done,4,633.81,458.4,-0.66,,,,,,,,,,,,,,,,,,,,,,,,,,,,,,,,,,,,,,,,,,,,,,,,,,,
1,C,B,,18O,1,,Done,3,-5.24,129.28,-0.16,,,,,,,,,,,,,,,,,,,,,,,,,,,,,,,,,,,,,,,,,,,,,,,,,,,
2,C,B,,18O,1,,Done,4,647.85,232.47,0.07,,,,,,,,,,,,,,,,,,,,,,,,,,,,,,,,,,,,,,,,,,,,,,,,,,,
3,C,B,,18O,1,,Done,3,-5.35,185.46,,,,,,,,,,,,,,,,,,,,,,,,,,,,,,,,,,,,,,,,,,,,,,,,,,,,
4,C,B,,18O,1,,Done,3,111.73,425.17,-0.43,,,,,,,,,,,,,,,,,,,,,,,,,,,,,,,,,,,,,,,,,,,,,,,,,,,
5,C,B,,18O,1,,Done,3,12.9,356.3,0.62,,,,,,,,,,,,,,,,,,,,,,,,,,,,,,,,,,,,,,,,,,,,,,,,,,,
6,C,B,,18O,1,,Done,4,332.34,220.76,0.18,,,,,,,,,,,,,,,,,,,,,,,,,,,,,,,,,,,,,,,,,,,,,,,,,,,
7,C,B,,18O,1,,Done,4,82.78,243.02,0.37,,,,,,,,,,,,,,,,,,,,,,,,,,,,,,,,,,,,,,,,,,,,,,,,,,,
8,C,B,,18O,1,,Done,5,425.23,241.42,0.84,,,,,,,,,,,,,,,,,,,,,,,,,,,,,,,,,,,,,,,,,,,,,,,,,,,
9,C,B,,18O,1,,Done,3,254.46,412.14,-0.5,,,,,,,,,,,,,,,,,,,,,,,,,,,,,,,,,,,,,,,,,,,,,,,,,,,
1,C,Bulk,,18O,1,,Done,3,0.37,127.86,-0.12,,,,,,,,,,,,,,,,,,,,,,,,,,,,,,,,,,,,,,,,,,,,,,,,,,,
2,C,Bulk,,18O,1,,Done,4,-8.25,117.6,-0.83,,,,,,,,,,,,,,,,,,,,,,,,,,,,,,,,,,,,,,,,,,,,,,,,,,,
3,C,Bulk,,18O,1,,Done,5,39.55,174.83,,,,,,,,,,,,,,,,,,,,,,,,,,,,,,,,,,,,,,,,,,,,,,,,,,,,
4,C,Bulk,,18O,1,,Done,5,-0.77,21.37,-0.29,,,,,,,,,,,,,,,,,,,,,,,,,,,,,,,,,,,,,,,,,,,,,,,,,,,
5,C,Bulk,,18O,1,,Done,8,4.98,163.21,0.21,,,,,,,,,,,,,,,,,,,,,,,,,,,,,,,,,,,,,,,,,,,,,,,,,,,
6,C,Bulk,,18O,1,,Done,6,18.62,214.66,-0.05,,,,,,,,,,,,,,,,,,,,,,,,,,,,,,,,,,,,,,,,,,,,,,,,,,,
7,C,Bulk,,18O,1,,Done,8,36.46,309.42,-0.12,,,,,,,,,,,,,,,,,,,,,,,,,,,,,,,,,,,,,,,,,,,,,,,,,,,
8,C,Bulk,,18O,1,,Done,5,104.49,465.76,-0.22,,,,,,,,,,,,,,,,,,,,,,,,,,,,,,,,,,,,,,,,,,,,,,,,,,,
9,C,Bulk,,18O,1,,Done,8,104.33,334.64,-0.99,,,,,,,,,,,,,,,,,,,,,,,,,,,,,,,,,,,,,,,,,,,,,,,,,,,
1,C,C,,18O,1,,Done,5,2.95,179.82,0.7,,,,,,,,,,,,,,,,,,,,,,,,,,,,,,,,,,,,,,,,,,,,,,,,,,,
2,C,C,,18O,1,,Done,6,83.42,237.45,-0.62,,,,,,,,,,,,,,,,,,,,,,,,,,,,,,,,,,,,,,,,,,,,,,,,,,,
3,C,C,,18O,1,,Done,3,-42.82,245.37,,,,,,,,,,,,,,,,,,,,,,,,,,,,,,,,,,,,,,,,,,,,,,,,,,,,
4,C,C,,18O,1,,Done,5,8.63,270.79,0.11,,,,,,,,,,,,,,,,,,,,,,,,,,,,,,,,,,,,,,,,,,,,,,,,,,,
5,C,C,,18O,1,,Done,4,45.65,390.5,0.25,,,,,,,,,,,,,,,,,,,,,,,,,,,,,,,,,,,,,,,,,,,,,,,,,,,
6,C,C,,18O,1,,Done,6,11.95,78.92,0.61,,,,,,,,,,,,,,,,,,,,,,,,,,,,,,,,,,,,,,,,,,,,,,,,,,,
7,C,C,,18O,1,,Done,3,8.97,122.57,0.01,,,,,,,,,,,,,,,,,,,,,,,,,,,,,,,,,,,,,,,,,,,,,,,,,,,
8,C,C,,18O,1,,Done,6,12.58,146.16,-0.22,,,,,,,,,,,,,,,,,,,,,,,,,,,,,,,,,,,,,,,,,,,,,,,,,,,
9,C,C,,18O,1,,Done,4,-1.09,199.36,-1.19,,,,,,,,,,,,,,,,,,,,,,,,,,,,,,,,,,,,,,,,,,,,,,,,,,,
1,C,D,,18O,1,,Done,6,5.2,212.37,-0.18,,,,,,,,,,,,,,,,,,,,,,,,,,,,,,,,,,,,,,,,,,,,,,,,,,,
2,C,D,,18O,1,,Done,4,13.8,363.44,-1.12,,,,,,,,,,,,,,,,,,,,,,,,,,,,,,,,,,,,,,,,,,,,,,,,,,,
3,C,D,,18O,1,,Done,6,-13.7,101.84,,,,,,,,,,,,,,,,,,,,,,,,,,,,,,,,,,,,,,,,,,,,,,,,,,,,
4,C,D,,18O,1,,Done,5,74.15,565.38,0.19,,,,,,,,,,,,,,,,,,,,,,,,,,,,,,,,,,,,,,,,,,,,,,,,,,,
5,C,D,,18O,1,,Done,5,363.59,414.24,0.11,,,,,,,,,,,,,,,,,,,,,,,,,,,,,,,,,,,,,,,,,,,,,,,,,,,
6,C,D,,18O,1,,Done,6,3.11,199.42,0.44,,,,,,,,,,,,,,,,,,,,,,,,,,,,,,,,,,,,,,,,,,,,,,,,,,,
7,C,D,,18O,1,,Done,6,3.81,130.72,-0.1,,,,,,,,,,,,,,,,,,,,,,,,,,,,,,,,,,,,,,,,,,,,,,,,,,,
8,C,D,,18O,1,,Done,6,8.68,272.71,0.6,,,,,,,,,,,,,,,,,,,,,,,,,,,,,,,,,,,,,,,,,,,,,,,,,,,
9,C,D,,18O,1,,Done,6,50.16,312.87,-0.86,,,,,,,,,,,,,,,,,,,,,,,,,,,,,,,,,,,,,,,,,,,,,,,,,,,
1,O,A,,18O,1,,Done,2,-2.08,196.34,0.29,,,,,,,,,,,,,,,,,,,,,,,,,,,,,,,,,,,,,,,,,,,,,,,,,,,
2,O,A,,18O,1,,Done,3,2102.77,269.29,-0.92,,,,,,,,,,,,,,,,,,,,,,,,,,,,,,,,,,,,,,,,,,,,,,,,,,,
3,O,A,,18O,1,,Done,3,1243.18,287.56,,,,,,,,,,,,,,,,,,,,,,,,,,,,,,,,,,,,,,,,,,,,,,,,,,,,
4,O,A,,18O,1,,Done,3,3485.92,952.01,0.03,,,,,,,,,,,,,,,,,,,,,,,,,,,,,,,,,,,,,,,,,,,,,,,,,,,
5,O,A,,18O,1,,Done,1,7109.52,1558.65,0.36,,,,,,,,,,,,,,,,,,,,,,,,,,,,,,,,,,,,,,,,,,,,,,,,,,,
6,O,A,,18O,1,,Done,4,13719.58,749.4,0.31,,,,,,,,,,,,,,,,,,,,,,,,,,,,,,,,,,,,,,,,,,,,,,,,,,,
7,O,A,,18O,1,,Done,4,12108.42,993.95,-0.39,,,,,,,,,,,,,,,,,,,,,,,,,,,,,,,,,,,,,,,,,,,,,,,,,,,
8,O,A,,18O,1,,Done,3,8240.82,863.97,-0.07,,,,,,,,,,,,,,,,,,,,,,,,,,,,,,,,,,,,,,,,,,,,,,,,,,,
9,O,A,,18O,1,,Done,2,13341.66,1222.42,-0.81,,,,,,,,,,,,,,,,,,,,,,,,,,,,,,,,,,,,,,,,,,,,,,,,,,,
1,O,B,,18O,1,,Done,3,146.16,305.47,-2.02,,,,,,,,,,,,,,,,,,,,,,,,,,,,,,,,,,,,,,,,,,,,,,,,,,,
2,O,B,,18O,1,,Done,3,-0.9,325.23,-0.4,,,,,,,,,,,,,,,,,,,,,,,,,,,,,,,,,,,,,,,,,,,,,,,,,,,
3,O,B,,18O,1,,Done,1,443.08,383.86,,,,,,,,,,,,,,,,,,,,,,,,,,,,,,,,,,,,,,,,,,,,,,,,,,,,
4,O,B,,18O,1,,Done,3,13.94,950.66,-0.43,,,,,,,,,,,,,,,,,,,,,,,,,,,,,,,,,,,,,,,,,,,,,,,,,,,
5,O,B,,18O,1,,Done,2,419.84,1294.35,0.37,,,,,,,,,,,,,,,,,,,,,,,,,,,,,,,,,,,,,,,,,,,,,,,,,,,
6,O,B,,18O,1,,Done,2,420.82,1471.31,0.06,,,,,,,,,,,,,,,,,,,,,,,,,,,,,,,,,,,,,,,,,,,,,,,,,,,
7,O,B,,18O,1,,Done,2,73.12,1108.88,0.23,,,,,,,,,,,,,,,,,,,,,,,,,,,,,,,,,,,,,,,,,,,,,,,,,,,
8,O,B,,18O,1,,Done,2,370.16,1115.22,0.75,,,,,,,,,,,,,,,,,,,,,,,,,,,,,,,,,,,,,,,,,,,,,,,,,,,
9,O,B,,18O,1,,Done,2,349.91,1172.84,-0.84,,,,,,,,,,,,,,,,,,,,,,,,,,,,,,,,,,,,,,,,,,,,,,,,,,,
1,O,Bulk,,18O,1,,Done,2,0.93,939.09,-0.94,,,,,,,,,,,,,,,,,,,,,,,,,,,,,,,,,,,,,,,,,,,,,,,,,,,
2,O,Bulk,,18O,1,,Done,2,37.16,1146.9,-1.05,,,,,,,,,,,,,,,,,,,,,,,,,,,,,,,,,,,,,,,,,,,,,,,,,,,
3,O,Bulk,,18O,1,,Done,2,539.73,990.57,,,,,,,,,,,,,,,,,,,,,,,,,,,,,,,,,,,,,,,,,,,,,,,,,,,,
4,O,Bulk,,18O,1,,Done,2,2162.59,1283.85,-0.12,,,,,,,,,,,,,,,,,,,,,,,,,,,,,,,,,,,,,,,,,,,,,,,,,,,
5,O,Bulk,,18O,1,,Done,4,96.51,1381.73,0.1,,,,,,,,,,,,,,,,,,,,,,,,,,,,,,,,,,,,,,,,,,,,,,,,,,,
6,O,Bulk,,18O,1,,Done,2,743.45,1583.61,0.13,,,,,,,,,,,,,,,,,,,,,,,,,,,,,,,,,,,,,,,,,,,,,,,,,,,
7,O,Bulk,,18O,1,,Done,2,10888.16,1564.65,-0.1,,,,,,,,,,,,,,,,,,,,,,,,,,,,,,,,,,,,,,,,,,,,,,,,,,,
8,O,Bulk,,18O,1,,Done,3,13391.27,1302.02,-0.17,,,,,,,,,,,,,,,,,,,,,,,,,,,,,,,,,,,,,,,,,,,,,,,,,,,
9,O,Bulk,,18O,1,,Done,2,30436.57,1608.53,-0.5,,,,,,,,,,,,,,,,,,,,,,,,,,,,,,,,,,,,,,,,,,,,,,,,,,,
1,O,C,,18O,1,,Done,4,34.85,338.39,-4.43,,,,,,,,,,,,,,,,,,,,,,,,,,,,,,,,,,,,,,,,,,,,,,,,,,,
2,O,C,,18O,1,,Done,2,-6.86,437.23,-0.98,,,,,,,,,,,,,,,,,,,,,,,,,,,,,,,,,,,,,,,,,,,,,,,,,,,
3,O,C,,18O,1,,Done,3,32.3,435.92,,,,,,,,,,,,,,,,,,,,,,,,,,,,,,,,,,,,,,,,,,,,,,,,,,,,
4,O,C,,18O,1,,Done,2,63.46,1025.97,0.6,,,,,,,,,,,,,,,,,,,,,,,,,,,,,,,,,,,,,,,,,,,,,,,,,,,
5,O,C,,18O,1,,Done,3,397.66,655.5,-0.17,,,,,,,,,,,,,,,,,,,,,,,,,,,,,,,,,,,,,,,,,,,,,,,,,,,
6,O,C,,18O,1,,Done,1,46.37,204.1,-0.32,,,,,,,,,,,,,,,,,,,,,,,,,,,,,,,,,,,,,,,,,,,,,,,,,,,
7,O,C,,18O,1,,Done,3,7.81,285.71,-0.39,,,,,,,,,,,,,,,,,,,,,,,,,,,,,,,,,,,,,,,,,,,,,,,,,,,
8,O,C,,18O,1,,Done,4,45.31,228.02,0.49,,,,,,,,,,,,,,,,,,,,,,,,,,,,,,,,,,,,,,,,,,,,,,,,,,,
9,O,C,,18O,1,,Done,3,17.59,313.14,-0.72,,,,,,,,,,,,,,,,,,,,,,,,,,,,,,,,,,,,,,,,,,,,,,,,,,,
1,O,D,,18O,1,,Done,3,4.62,150.59,-0.77,,,,,,,,,,,,,,,,,,,,,,,,,,,,,,,,,,,,,,,,,,,,,,,,,,,
2,O,D,,18O,1,,Done,3,-12.9,55.8,-0.24,,,,,,,,,,,,,,,,,,,,,,,,,,,,,,,,,,,,,,,,,,,,,,,,,,,
3,O,D,,18O,1,,Done,4,-9.58,88.25,,,,,,,,,,,,,,,,,,,,,,,,,,,,,,,,,,,,,,,,,,,,,,,,,,,,
4,O,D,,18O,1,,Done,3,1118.63,434.53,-0.16,,,,,,,,,,,,,,,,,,,,,,,,,,,,,,,,,,,,,,,,,,,,,,,,,,,
5,O,D,,18O,1,,Done,3,13.99,382.09,-0.06,,,,,,,,,,,,,,,,,,,,,,,,,,,,,,,,,,,,,,,,,,,,,,,,,,,
6,O,D,,18O,1,,Done,3,453.51,504.67,0.62,,,,,,,,,,,,,,,,,,,,,,,,,,,,,,,,,,,,,,,,,,,,,,,,,,,
7,O,D,,18O,1,,Done,2,640.2,820.24,-0.42,,,,,,,,,,,,,,,,,,,,,,,,,,,,,,,,,,,,,,,,,,,,,,,,,,,
8,O,D,,18O,1,,Done,4,1428.65,860.5,0.24,,,,,,,,,,,,,,,,,,,,,,,,,,,,,,,,,,,,,,,,,,,,,,,,,,,
9,O,D,,18O,1,,Done,2,528.83,601.56,-1.23,,,,,,,,,,,,,,,,,,,,,,,,,,,,,,,,,,,,,,,,,,,,,,,,,,,
