ID,Fraction,Sample mass (mg),?13CVPDB (‰),Total C (µg),ug C per mg dry soil,C Comment (13C analysis),Rc,13C (%),13C (µg per mg dry),?15NAir (‰),Total N (µg),ug N per mg dry soil,Rn,15N (%),15N (µg per mg dry)
CA1,fPOM,60.56,,,,Contained too much carbon. Detectors saturated. No values can be estimated.,0.0112372,,,7.97,720.39,11.89547556,0.003705802,0.369211944,0.043919517
CA2,fPOM,88.13,-48.28,7167.11,81.32429366,"Mass 44 & 45 saturated, totals underestimated ",0.010694668,1.058150233,0.860533203,7.37,574.63,6.52025417,0.003703596,0.36899298,0.02405928
CA3,fPOM,76.19,-23.77,3975.51,52.17889487,,0.010970092,1.085105469,0.566196042,4.03,309.28,4.059325371,0.003691316,0.367774059,0.014929146
CA4,fPOM,75.82,-20.13,2369.62,31.25323134,,0.011010995,1.089107361,0.340381243,6.07,259.94,3.428383012,0.003698816,0.368518553,0.012634227
CA5,fPOM,99.09,-19.95,1937.05,19.54839035,,0.011013018,1.089305248,0.212941642,6.08,200.89,2.027348875,0.003698853,0.368522203,0.007471231
CA6,fPOM,86.2,-20.14,2482.04,28.79396752,,0.011010883,1.089096367,0.313594054,6.12,268.17,3.111020882,0.003699,0.3685368,0.011465257
CA7,fPOM,91.37,-18.68,3448.44,37.74149064,,0.011027289,1.09070143,0.411646978,5.8,308.53,3.37671008,0.003697824,0.368420018,0.012440476
CA8,fPOM,90.04,-19.92,2043.13,22.6913594,,0.011013355,1.089338229,0.247185653,6.15,212.85,2.363949356,0.00369911,0.368547749,0.008712282
CA9,fPOM,94.7,-20.54,3043.42,32.1374868,,0.011006388,1.088656614,0.349866876,5.99,333.94,3.526293559,0.003698522,0.368489357,0.012994016
CB1,fPOM,69.17,,,,Contained too much carbon. Detectors saturated. No values can be estimated.,0.0112372,,,3.08,438.59,6.340754662,0.003687824,0.367427355,0.023297667
CB2,fPOM,105.26,-15.25,5727.09,54.40898727,Mass 45 saturated; estimated value used; enrichment is underestimated.,0.011065833,1.094472026,0.595491145,2.38,400.47,3.804579137,0.00368525,0.367171887,0.013969345
CB3,fPOM,73.05,-22.22,3975.51,54.42176591,,0.010987509,1.086809611,0.591460982,2.89,304.79,4.172347707,0.003687125,0.367358014,0.015327454
CB4,fPOM,91.04,-21.51,2724.5,29.92640598,,0.010995488,1.087590198,0.325476658,2.95,250.23,2.748572056,0.003687346,0.367379911,0.010097702
CB5,fPOM,105.97,-21.74,2741.11,25.86684911,,0.010992903,1.087337333,0.281259907,3.56,289.09,2.728036237,0.003689588,0.367602532,0.01002833
CB6,fPOM,70.28,-23.02,1641.97,23.36326124,,0.01097852,1.085930061,0.253708677,4.58,214.35,3.049943085,0.003693338,0.367974782,0.011223021
CB7,fPOM,93.483,-22.91,1723.36,18.43500957,,0.010979756,1.086051,0.200213606,4.6,224.81,2.404822267,0.003693412,0.367982081,0.008849315
CB8,fPOM,104.48,-21.8,4335.65,41.49741577,,0.010992229,1.087271368,0.45118952,2.85,364.59,3.489567381,0.003686978,0.367343415,0.012818696
CB9,fPOM,84.172,-22.57,4513.01,53.61652331,,0.010983576,1.08642481,0.582503211,2.79,375.8,4.464667585,0.003686757,0.367321518,0.016399685
C1,fPOM,74.761,-23.36,3206.42,42.88893942,,0.010974699,1.085556248,0.465583561,2.84,275.64,3.686949078,0.003686941,0.367339766,0.01354363
C2,fPOM,65.748,-23.84,2599.44,39.53641175,,0.010969305,1.085028506,0.428981338,4.52,302.55,4.601660887,0.003693118,0.367952885,0.016931944
C3,fPOM,69.27,-24.51,2383.71,34.41186661,,0.010961776,1.084291858,0.373125068,4.51,234.53,3.385736971,0.003693081,0.367949235,0.012457793
C4,fPOM,84.726,-22.89,3713.82,43.83329793,,0.01097998,1.086072989,0.476061609,3.46,345.9,4.082572056,0.003689221,0.367566037,0.015006148
C5,fPOM,64.025,-23.24,3581.59,55.940492,,0.010976047,1.085688182,0.607339311,2.66,351.88,5.495978134,0.003686279,0.367274074,0.020185303
C6,fPOM,88.05,-22.98,2923.03,33.19738785,,0.010978969,1.085974039,0.360515014,3.67,276.39,3.139011925,0.003689993,0.367642677,0.011540347
C7,fPOM,100.26,-23.4,1991.59,19.86425294,,0.01097425,1.085512269,0.215628903,4.75,258.45,2.577797726,0.003693963,0.368036823,0.009487245
C8,fPOM,69.51,-23.11,2148.71,30.91224284,,0.010977508,1.085831111,0.33565475,4.49,281.62,4.051503381,0.003693007,0.367941936,0.01490718
C9,fPOM,111.86,-23.12,1755.25,15.69148936,,0.010977396,1.085820116,0.170381348,4.53,231.54,2.069908815,0.003693155,0.367956534,0.007616365
CC1,fPOM,91.249,-22.79,4763.22,52.20024329,,0.010981104,1.086182933,0.566990134,2.54,428.87,4.699996712,0.003685838,0.36723028,0.017259811
CC2,fPOM,115.912,-9.65,5656.85,48.80297122,Contained more C than largest reference,0.011128761,1.100627482,0.537138913,2.15,563.42,4.860756436,0.003684404,0.367087947,0.017843251
CC3,fPOM,98.98,-22.11,3845.13,38.84754496,,0.010988746,1.086930548,0.422245833,2.48,357.86,3.615477874,0.003685618,0.367208382,0.013276338
CC4,fPOM,101.96,-21.92,3845.13,37.71214202,,0.010990881,1.087139438,0.409983569,2.68,345.9,3.392506865,0.003686353,0.367281373,0.012460046
CC5,fPOM,85.805,-22.29,3287.43,38.31280228,,0.010986723,1.086732651,0.416357732,2.89,299.56,3.491171843,0.003687125,0.367358014,0.0128251
CC6,fPOM,86.08,-22.34,3314.35,38.50313662,,0.010986161,1.086677679,0.418404991,2.61,298.81,3.471305762,0.003686096,0.367255826,0.012748573
CC7,fPOM,67.9,-22.45,2568.75,37.83136966,,0.010984925,1.086556742,0.411059298,2.75,232.29,3.421060383,0.00368661,0.36730692,0.012565792
CC8,fPOM,71.74,-22.41,3792.72,52.86757736,,0.010985374,1.086600719,0.574459476,2.81,381.78,5.321717313,0.003686831,0.367328817,0.019548201
CC9,fPOM,102.06,-7.46,5204.29,50.99245542,Mass 45 saturated; estimated value used; enrichment is underestimated.,0.01115337,1.103034496,0.562464374,2.63,517.82,5.073682148,0.003686169,0.367263125,0.018633764
CD1,fPOM,101.25,-25.29,4738.37,46.79871605,,0.010953011,1.083434254,0.50703332,4.14,366.08,3.615604938,0.003691721,0.367814204,0.013298709
CD2,fPOM,106.51,-25.28,4588.46,43.08008638,,0.010953124,1.083445249,0.466749149,4.35,387.01,3.633555535,0.003692493,0.367890843,0.013367518
CD3,fPOM,65.47,-25.37,2821.25,43.092256,,0.010952112,1.083346293,0.466838358,4.37,238.27,3.639376814,0.003692566,0.367898142,0.0133892
CD4,fPOM,91.22,-25.9,4487.78,49.19732515,,0.010946157,1.082763553,0.532690706,4.48,353.38,3.873931155,0.003692971,0.367938287,0.014253676
CD5,fPOM,89.12,-25.28,3818.94,42.85166068,,0.010953124,1.083445249,0.464274282,3.65,313.76,3.52064632,0.003689919,0.367635378,0.012943141
CD6,fPOM,72.91,-25.8,3608.11,49.48717597,,0.01094728,1.082873504,0.535883517,4.49,286.11,3.924153065,0.003693007,0.367941936,0.014438605
CD7,fPOM,97.74,-26.01,4688.55,47.96961326,,0.01094492,1.082642606,0.519339471,4.14,348.89,3.569572335,0.003691721,0.367814204,0.013129394
CD8,fPOM,99.7,-25.94,4638.58,46.52537613,,0.010945707,1.082719572,0.503739353,4.75,376.55,3.776830491,0.003693963,0.368036823,0.013900127
CD9,fPOM,84.6,-26.26,4130.74,48.82671395,,0.010942111,1.082367725,0.528484593,4.26,313.01,3.699881797,0.003692162,0.367857998,0.013610311
OA1,fPOM,74.27,-3.43,5180.1,69.74686953,Mass 45 saturated; estimated value used; enrichment is underestimated.,0.011198656,1.107463537,0.772421148,8.76,506.61,6.821192945,0.003708706,0.369500246,0.025204325
OA2,fPOM,65.49,-9.95,5539.05,84.57856161,Mass 45 saturated; estimated value used; enrichment is underestimated.,0.01112539,1.100297745,0.930616006,7.71,602.29,9.196671248,0.003704846,0.36911706,0.033946482
OA3,fPOM,68.83,-35.27,6565.96,95.39386895,"Mass 44 & 45 saturated, totals underestimated ",0.010840864,1.072460003,1.023061089,8.57,642.65,9.336771757,0.003708008,0.369430908,0.034492921
OA4,fPOM,64.47,-23.2,6331.85,98.21389794,Contained more C than largest reference,0.010976497,1.08573216,1.066339876,9.04,582.5,9.035210175,0.003709736,0.369602429,0.033394356
OA5,fPOM,69.01,-22.67,5736.99,83.13273439,Contained more C than largest reference,0.010982453,1.086314866,0.903083252,8.98,532.8,7.7206202,0.003709515,0.369580532,0.028533909
OA6,fPOM,66.48,-24.08,4104.55,61.74112515,,0.010966608,1.084764634,0.66974589,8.82,379.21,5.70412154,0.003708927,0.369522142,0.021077992
OA7,fPOM,68.28,-23.41,2550.03,37.34666081,,0.010974137,1.085501275,0.405398479,8.02,302.5,4.430287053,0.003705986,0.369230191,0.016357957
OA8,fPOM,91.84,-22.51,4092.37,44.55977787,,0.010984251,1.086490776,0.484137876,8.24,489.34,5.328179443,0.003706794,0.369310478,0.019677525
OA9,fPOM,96.87,-23.37,3491.06,36.03860844,,0.010974587,1.085545253,0.391215403,8.14,414.77,4.281717766,0.003706427,0.369273984,0.01581127
OB1,fPOM,77.98,-23.25,4455.26,57.13336753,,0.010975935,1.085677188,0.620283938,8.07,445.06,5.707360862,0.003706169,0.369248438,0.021074341
OB2,fPOM,94.96,-23.09,3844.24,40.48272957,,0.010977733,1.0858531,0.439582974,7.95,394.37,4.153011794,0.003705728,0.369204645,0.015333112
OB3,fPOM,94.05,-24.15,6776.03,72.0471026,Contained more C than largest reference,0.010965822,1.08468767,0.781486039,9.07,606.95,6.45348219,0.003709846,0.369613377,0.023852933
OB4,fPOM,90.93,-21.7,6482.58,71.29198284,Contained more C than largest reference,0.010993353,1.08738131,0.775215697,9.22,552.77,6.079071813,0.003710397,0.369668117,0.02247239
OB5,fPOM,92.65,-18.32,7672.75,82.8143551,Contained more C than largest reference,0.011031334,1.091097192,0.903585103,9.19,584.23,6.30577442,0.003710287,0.369657169,0.023309747
OB6,fPOM,98.53,-21.88,6159.7,62.51598498,Contained more C than largest reference,0.01099133,1.087183415,0.67966342,9.21,491.83,4.991677662,0.003710361,0.369664468,0.018452459
OB7,fPOM,100.13,-22.99,5400.26,53.93248777,Contained more C than largest reference in run,0.010978857,1.085963044,0.585686886,9.4,456.05,4.554579047,0.003711059,0.369733806,0.016839818
OB8,fPOM,101.148,-23.82,5792.69,57.26944675,Contained more C than largest reference,0.01096953,1.085050496,0.621402416,7.96,505.31,4.995748804,0.003705765,0.369208295,0.018444719
OB9,fPOM,26.49,-23.89,8238.46,311.0026425,Contained more C than largest reference,0.010968743,1.084973533,3.374296358,9.43,789.5,29.80369951,0.003711169,0.369744754,0.110197615
O1,fPOM,66.82,-23.55,5536.28,82.85363664,Contained more C than largest reference,0.010972564,1.085347351,0.89924975,8.36,542.59,8.120173601,0.003707236,0.369354271,0.029992208
O2,fPOM,100.172,-22.93,7993.79,79.80064289,Contained more C than largest reference,0.010979531,1.086029011,0.866658133,8.65,740.97,7.396977199,0.003708302,0.369460103,0.02732888
O3,fPOM,63.73,-12.41,8781.63,137.7942884,Mass 45 saturated; estimated value used; enrichment is underestimated.,0.011097746,1.097593817,1.51242159,8.65,792.76,12.43935352,0.003708302,0.369460103,0.045958448
O4,fPOM,52.58,-3.1,9351.26,177.8482313,Mass 45 saturated; estimated value used; enrichment is underestimated.,0.011202365,1.107826195,1.970249293,8.4,829.81,15.78185622,0.003707383,0.369368868,0.058293264
O5,fPOM,94.55,-0.89,9437.07,99.81036489,Mass 45 saturated; estimated value used; enrichment is underestimated.,0.011227199,1.110254837,1.108149404,8.13,838.48,8.86811211,0.00370639,0.369270335,0.032747307
O6,fPOM,64.15,-23.38,7199.32,112.2263445,Contained more C than largest reference,0.010974474,1.085534259,1.218255417,8.41,712.54,11.10740452,0.003707419,0.369372518,0.0410277
O7,fPOM,64.56,-23.77,7225.61,111.9208488,Contained more C than largest reference,0.010970092,1.085105469,1.214459252,8.62,713.96,11.05885998,0.003708191,0.369449155,0.040856865
O8,fPOM,103.5,-23.31,7139.26,68.97835749,Contained more C than largest reference,0.010975261,1.08561122,0.748836789,8.59,715.43,6.91236715,0.003708081,0.369438207,0.025536925
O9,fPOM,88,-23.68,1919.72,21.815,,0.010971103,1.085204421,0.236737344,8.45,195.11,2.217159091,0.003707566,0.369387115,0.0081899
OC1,fPOM,87.01,-22.23,5780.56,66.43558212,Contained more C than largest reference,0.010987397,1.086798616,0.722020987,8.46,650.86,7.480289622,0.003707603,0.369390765,0.027631499
OC2,fPOM,80.45,-22.3,5334.14,66.30379117,Contained more C than largest reference in run,0.01098661,1.086721657,0.720537658,8.56,599.55,7.452454941,0.003707971,0.369427258,0.0275314
OC3,fPOM,91.36,-22.31,6026.41,65.96333187,Contained more C than largest reference,0.010986498,1.086710662,0.716830561,8.21,677.39,7.414514011,0.003706684,0.36929953,0.027381765
OC4,fPOM,95.6,-22.97,7939.13,83.04529289,Contained more C than largest reference,0.010979082,1.085985033,0.901859452,8.48,820.92,8.587029289,0.003707677,0.369398063,0.03172032
OC5,fPOM,98.22,-22.62,5155.52,52.48951334,Contained more C than largest reference in run,0.010983015,1.086369838,0.570230241,7.9,585.74,5.963551212,0.003705544,0.369186398,0.02201662
OC6,fPOM,98.85,-22.65,5161.75,52.21800708,Contained more C than largest reference in run,0.010982677,1.086336855,0.567263456,8.04,585.71,5.925240263,0.003706059,0.36923749,0.021878208
OC7,fPOM,74.08,-21.51,6281.01,84.78685205,Contained more C than largest reference,0.010995488,1.087590198,0.922133492,8.45,640.48,8.645788337,0.003707566,0.369387115,0.031936428
OC8,fPOM,91.25,-22.62,1709.41,18.73326027,,0.010983015,1.086369838,0.203512489,7.25,201.38,2.20690411,0.003703155,0.368949187,0.008142355
OC9,fPOM,82.194,-21.81,7600.16,92.46611675,Contained more C than largest reference,0.010992117,1.087260374,1.005347447,8.04,821.21,9.991118573,0.003706059,0.36923749,0.036890955
OD1,fPOM,87.37,-24.38,4454.13,50.9800847,,0.010963237,1.084434791,0.552845775,8.21,485.48,5.556598375,0.003706684,0.36929953,0.020520492
OD2,fPOM,103.36,-24.27,5536.64,53.56656347,Contained more C than largest reference,0.010964473,1.084555733,0.580959235,8.09,590.85,5.716428019,0.003706243,0.369255737,0.021108238
OD3,fPOM,87.24,-24.36,4728.92,54.20586887,,0.010963462,1.08445678,0.58783922,8.14,496.8,5.694635488,0.003706427,0.369273984,0.021028807
OD4,fPOM,84.15,-24.25,4502.03,53.50005942,,0.010964698,1.084577723,0.580249726,8.38,477.4,5.673202614,0.003707309,0.36936157,0.02095463
OD5,fPOM,93.17,-23.91,2570.66,27.59107009,,0.010968519,1.084951544,0.299349741,8.68,384.56,4.127508855,0.003708412,0.369471051,0.01524995
OD6,fPOM,89.05,-23.84,2499.83,28.07220663,,0.010969305,1.085028506,0.304591444,8.55,369.37,4.147894441,0.003707934,0.369423609,0.015323301
OD7,fPOM,89.13,-23.95,2477.28,27.79400875,,0.010968069,1.084907565,0.301539304,8.54,370.51,4.156961741,0.003707897,0.36941996,0.015356646
OD8,fPOM,101.583,-23.82,2803.55,27.59861394,,0.01096953,1.085050496,0.299458897,8.6,414.63,4.081686896,0.003708118,0.369441856,0.01507946
OD9,fPOM,104.81,-24.4,5760.57,54.96202652,Contained more C than largest reference,0.010963012,1.084412801,0.596015251,8.22,619.03,5.906211239,0.003706721,0.369303179,0.021811826
CA1,oPOM,96.96,-22.02,732.18,7.551361386,,0.010989757,1.087029496,0.082085526,4.36,81.5,0.840552805,0.00369253,0.367894493,0.003092347
CA2,oPOM,115.11,-21.99,747.53,6.49404917,,0.010990094,1.087062478,0.070594372,4.29,83.09,0.721831292,0.003692272,0.367868946,0.002655393
CA3,oPOM,81.34,-21.96,611.13,7.5132776,,0.010990431,1.087095461,0.0816765,4.19,68.55,0.84275879,0.003691905,0.367832451,0.00309994
CA4,oPOM,95.85,-22.13,758.07,7.908920188,,0.010988521,1.086908559,0.08596273,4.11,82.29,0.858528951,0.00369161,0.367803255,0.003157697
CA5,oPOM,93.51,-23.65,624.88,6.682493851,,0.01097144,1.085237405,0.072520923,7.55,72.13,0.771361352,0.003704258,0.369058669,0.002846776
CA6,oPOM,112.072,-23.42,814.48,7.267470912,,0.010974025,1.08549028,0.07888769,7.51,93.45,0.833838961,0.003704111,0.369044071,0.003077233
CA7,oPOM,83.42,-23.56,758.42,9.091584752,,0.010972452,1.085336356,0.098674275,7.75,85.2,1.021337809,0.003704993,0.369131657,0.003770081
CA8,oPOM,92.56,-22.2,654.33,7.069252377,,0.010987734,1.086831599,0.076830869,3.28,72.66,0.785004322,0.003688559,0.367500345,0.002884894
CA9,oPOM,117.8,-22.15,630.45,5.351867572,,0.010988296,1.086886571,0.05816873,4.36,70.14,0.595415959,0.00369253,0.367894493,0.002190503
CB1,oPOM,88.15,-23.08,820.07,9.303119682,,0.010977845,1.085864094,0.101019236,6.67,98.21,1.114123653,0.003701022,0.36873752,0.004108192
CB2,oPOM,103.93,-23.28,922.21,8.873376311,,0.010975598,1.085644204,0.096333296,6.75,106.75,1.027133648,0.003701316,0.368766715,0.003787727
CB3,oPOM,118.66,-21.39,768.52,6.476655992,,0.010996836,1.087722127,0.07044802,3.18,79.2,0.667453228,0.003688191,0.36746385,0.002452649
CB4,oPOM,103.008,-21.46,902.78,8.764173656,,0.01099605,1.087645168,0.095323111,2.88,92.37,0.896726468,0.003687088,0.367354364,0.003294164
CB5,oPOM,86.761,-21.43,896.39,10.33171586,,0.010996387,1.087678151,0.112375816,3.27,91.1,1.05001095,0.003688522,0.367496696,0.003858756
CB6,oPOM,125.32,-21.85,922.08,7.357804022,,0.010991667,1.087216397,0.079995252,2.61,98.25,0.783992978,0.003686096,0.367255826,0.00287926
CB7,oPOM,104.89,-21.67,711.69,6.785108209,,0.01099369,1.087414292,0.073782236,2.93,77.15,0.735532463,0.003687272,0.367372612,0.002702145
CB8,oPOM,101.32,-22.58,732.22,7.226806159,,0.010983464,1.086413815,0.078513021,2.08,76.81,0.75809317,0.003684147,0.3670624,0.002782675
CB9,oPOM,88.375,-22.33,886.19,10.02760962,,0.010986273,1.086688674,0.108968898,2.03,94.23,1.066251768,0.003683963,0.367044152,0.003913615
C1,oPOM,104.13,-22.44,674.9,6.481321425,,0.010985037,1.086567736,0.070423947,2,72.63,0.697493518,0.003683853,0.367033204,0.002560033
C2,oPOM,107.196,-24.24,334.55,3.120918691,,0.01096481,1.084588718,0.033849132,2.98,46.39,0.432758685,0.003687456,0.367390859,0.001589916
C3,oPOM,84.64,-24.54,404.52,4.779300567,,0.010961439,1.084258874,0.05181999,3.15,52.14,0.616020794,0.003688081,0.367452901,0.002263586
C4,oPOM,103.83,-22.99,1110.17,10.69218916,,0.010978857,1.085963044,0.116113223,3.2,99.71,0.960319753,0.003688265,0.367471149,0.003528898
C5,oPOM,83.98,-23.41,970.05,11.55096452,,0.010974137,1.085501275,0.125385867,3.35,85.63,1.019647535,0.003688816,0.367525892,0.003747469
C6,oPOM,110.87,-23.09,1044.42,9.420221881,,0.010977733,1.0858531,0.102289771,2.7,103.86,0.936772797,0.003686427,0.367288672,0.00344066
C7,oPOM,102.19,-22.75,902.05,8.827184656,,0.010981554,1.086226911,0.095883255,2.88,90.19,0.88257168,0.003687088,0.367354364,0.003242166
C8,oPOM,84,-22.15,760.5,9.053571429,,0.010988296,1.086886571,0.098402052,1.49,83.11,0.989404762,0.003681978,0.366847076,0.003629602
C9,oPOM,93.16,-22.16,645.98,6.934091885,,0.010988184,1.086875576,0.075364951,1.49,73.54,0.78939459,0.003681978,0.366847076,0.002895871
CC1,oPOM,99.417,-23.11,124.29,1.2501886,,0.010977508,1.085831111,0.013574937,2.22,33.55,0.337467435,0.003684662,0.367113494,0.001238888
CC2,oPOM,119.787,-23.31,167.9,1.401654604,,0.010975261,1.08561122,0.01521652,2.17,42.7,0.356466061,0.003684478,0.367095246,0.00130857
CC3,oPOM,103.8,-22.15,274.63,2.645761079,,0.010988296,1.086886571,0.028756422,2.52,49.65,0.478323699,0.003685765,0.36722298,0.001756515
CC4,oPOM,98.57,-22.14,265.62,2.694734706,,0.010988408,1.086897565,0.029289006,2.28,47.95,0.486456325,0.003684882,0.367135391,0.001785953
CC5,oPOM,88.87,-22.1,242.77,2.731742995,,0.010988858,1.086941542,0.029692449,2.1,44.56,0.501406549,0.003684221,0.367069699,0.001840512
CC6,oPOM,106.32,-22.84,229.81,2.161493604,,0.010980542,1.086127961,0.023476586,2.37,43.91,0.412998495,0.003685213,0.367168237,0.001516399
CC7,oPOM,116.75,-22.69,261.81,2.24248394,,0.010982228,1.086292877,0.024359943,2.29,48,0.411134904,0.003684919,0.367139041,0.001509437
CC8,oPOM,84.82,-22.84,188.01,2.216576279,,0.010980542,1.086127961,0.024074855,2.82,36.72,0.432916765,0.003686868,0.367332467,0.001590244
CC9,oPOM,86.96,-22.27,135.2,1.55473781,,0.010986948,1.086754639,0.016896185,2.89,35.01,0.402598896,0.003687125,0.367358014,0.001478979
OA1,oPOM,111.131,-23.02,748.71,6.737184044,,0.01097852,1.085930061,0.073161107,7.47,80.35,0.723020579,0.003703963,0.369029474,0.002668159
OA2,oPOM,107.63,-23.23,815.38,7.575768838,,0.01097616,1.085699177,0.08225006,7.54,86.18,0.800706123,0.003704221,0.36905502,0.002955046
OA3,oPOM,117.4,-23.04,790.38,6.732367973,,0.010978295,1.085908072,0.073107327,7.41,84.72,0.721635434,0.003703743,0.369007577,0.002662889
OA4,oPOM,100.57,-22.92,790.38,7.859003679,,0.010979643,1.086040006,0.085351924,6.32,89.82,0.893109277,0.003699735,0.368609789,0.003292088
OA5,oPOM,110.98,-23,657.04,5.920346008,,0.010978744,1.08595205,0.064292119,6.46,69.41,0.625428005,0.00370025,0.368660882,0.002305708
OA6,oPOM,89.58,-22.93,886.21,9.892944854,,0.010979531,1.086029011,0.107440251,6.45,101.48,1.132842152,0.003700213,0.368657232,0.004176305
OA7,oPOM,113.413,-23.23,919.55,8.10797704,,0.01097616,1.085699177,0.08802824,6.81,102.94,0.907656089,0.003701537,0.368788612,0.003347332
OA8,oPOM,100.79,-22.97,969.55,9.619505903,,0.010979082,1.085985033,0.104466394,6.91,110.22,1.093560869,0.003701905,0.368825106,0.004033327
OA9,oPOM,100.419,-23.11,648.7,6.459932881,,0.010977508,1.085831111,0.070143961,7.1,74.52,0.74209064,0.003702603,0.368894445,0.002737531
OB1,oPOM,104.454,-21.26,944.55,9.042736516,,0.010998297,1.08786505,0.09837277,3.22,86.18,0.825052176,0.003688338,0.367478448,0.003031889
OB2,oPOM,109.896,-21.24,919.55,8.367456504,,0.010998522,1.087887038,0.091028475,3.13,81.8,0.744340103,0.003688007,0.367445602,0.002735045
OB3,oPOM,111.03,-21.16,1015.39,9.145185986,,0.010999421,1.08797499,0.099497336,3.12,90.55,0.815545348,0.003687971,0.367441953,0.002996656
OB4,oPOM,81.09,-23.01,736.21,9.078924652,,0.010978632,1.085941056,0.09859177,8.19,78.16,0.963867308,0.003706611,0.369292231,0.003559487
OB5,oPOM,87.74,-23.01,840.38,9.578071575,,0.010978632,1.085941056,0.104012212,7.96,92.73,1.056872578,0.003705765,0.369208295,0.003902061
OB6,oPOM,103.581,-23.47,673.7,6.504088588,,0.010973463,1.085435308,0.070597674,7.73,72.33,0.698294089,0.003704919,0.369124359,0.002577574
OB7,oPOM,94.913,-23.45,844.55,8.898148831,,0.010973688,1.085457297,0.096585606,7.76,93.46,0.984691244,0.00370503,0.369135307,0.003634843
OB8,oPOM,89.411,-23,848.71,9.492232499,,0.010978744,1.08595205,0.103081093,7.85,91.28,1.020903468,0.003705361,0.369168151,0.00376885
OB9,oPOM,84.507,-23.51,752.87,8.908966121,,0.010973013,1.085391329,0.096697146,6.28,83.26,0.985243826,0.003699588,0.368595191,0.003631561
O1,oPOM,106.85,-22.3,677.87,6.344127281,,0.01098661,1.086721657,0.068943005,6.18,86.18,0.80655124,0.003699221,0.368558697,0.002972615
O2,oPOM,115.47,-22.55,723.71,6.267515372,,0.010983801,1.086446798,0.06809322,6.43,90.55,0.784186369,0.00370014,0.368649933,0.002890903
O3,oPOM,111.21,-22.12,719.54,6.47010161,,0.010988633,1.086919553,0.0703248,6.28,95.65,0.860084525,0.003699588,0.368595191,0.00317023
O4,oPOM,93.71,-22.29,615.37,6.566748479,,0.010986723,1.086732651,0.071363,6,86.18,0.919645716,0.003698559,0.368493007,0.00338883
O5,oPOM,80.018,-23.38,640.37,8.002824365,,0.010974474,1.085534259,0.0868734,6.51,72.33,0.903921618,0.003700434,0.368679129,0.00333257
O6,oPOM,104.45,-23.34,707.04,6.769171853,,0.010974924,1.085578237,0.073484656,6.86,80.35,0.769267592,0.003701721,0.368806859,0.002837112
O7,oPOM,118.44,-23.08,898.72,7.587977035,,0.010977845,1.085864094,0.082395118,7.92,91.28,0.770685579,0.003705618,0.369193697,0.002845323
O8,oPOM,122.566,-23.1,782.04,6.380562309,,0.010977621,1.085842105,0.069282832,7.75,79.62,0.64960919,0.003704993,0.369131657,0.002397913
O9,oPOM,89.01,-22.83,602.87,6.773059207,,0.010980655,1.086138956,0.073564835,5.98,75.24,0.845298281,0.003698485,0.368485708,0.003114803
OC1,oPOM,85.299,-23.01,198.26,2.32429454,,0.010978632,1.085941056,0.025240469,5.17,30.43,0.356745097,0.003695508,0.368190101,0.0013135
OC2,oPOM,112.131,-23.09,238.26,2.124836129,,0.010977733,1.0858531,0.023072599,4.99,38.66,0.344775307,0.003694846,0.368124411,0.001269202
OC3,oPOM,118.332,-23.39,234.51,1.981796978,,0.010974362,1.085523264,0.021512867,6.57,38.15,0.322397999,0.003700655,0.368701025,0.001188685
OC4,oPOM,100.51,-23.5,210.34,2.092727092,,0.010973126,1.085402324,0.022714508,6.26,34.66,0.344841309,0.003699515,0.368587893,0.001271043
OC5,oPOM,107.247,-23.48,228.68,2.132274096,,0.010973351,1.085424313,0.023144221,6.41,36.84,0.343506112,0.003700066,0.368642634,0.00126631
OC6,oPOM,114.842,-23.47,245.76,2.13998363,,0.010973463,1.085435308,0.023228138,6.54,39.32,0.342383449,0.003700544,0.368690077,0.001262334
OC7,oPOM,111.177,-23.49,208.26,1.873229175,,0.010973238,1.085413318,0.020332279,5.03,36.48,0.328125422,0.003694993,0.368139009,0.001207958
OC8,oPOM,106.257,-23.82,180.76,1.701158512,,0.01096953,1.085050496,0.018458429,5.48,30.06,0.282899009,0.003696647,0.368303235,0.001041926
OC9,oPOM,101.121,-23.92,147.84,1.462010858,,0.010968406,1.084940549,0.015861949,6.08,25.33,0.250491985,0.003698853,0.368522203,0.000923119
CA1,MAOM,79.16,-23.76,788.61,9.962228398,,0.010970204,1.085116464,0.10810178,5.81,107.34,1.355987873,0.00369786,0.368423667,0.00499578
CA2,MAOM,97.062,-23.71,864.3,8.904617667,,0.010970766,1.085171437,0.096630367,6,118.19,1.2176753,0.003698559,0.368493007,0.004487048
CA3,MAOM,91.423,-23.79,888.61,9.719764173,,0.010969867,1.08508348,0.105467555,6.01,121.08,1.324393205,0.003698596,0.368496656,0.004880345
CA4,MAOM,102.243,-23.85,840.36,8.219242393,,0.010969193,1.085017512,0.089180219,5.58,128.91,1.260819812,0.003697015,0.36833973,0.0046441
CA5,MAOM,95.644,-23.7,782.01,8.176257789,,0.010970878,1.085182432,0.088727313,5.82,106.87,1.117372757,0.003697897,0.368427317,0.004116706
CA6,MAOM,79.733,-23.88,1014.16,12.71945117,,0.010968856,1.084984528,0.138004077,6.54,153.65,1.927056551,0.003700544,0.368690077,0.007104866
CA7,MAOM,87.825,-23.62,713.46,8.123654996,,0.010971777,1.085270389,0.088163622,6.82,98.31,1.119385141,0.003701574,0.368792261,0.004128206
CA8,MAOM,82.586,-23.89,916.02,11.09171046,,0.010968743,1.084973533,0.120342123,7.01,126.7,1.534158332,0.003702272,0.3688616,0.005658921
CA9,MAOM,80.333,-23.72,972,12.09963527,,0.010970654,1.085160442,0.131300456,6.88,138.07,1.718720825,0.003701794,0.368814158,0.006338886
CB1,MAOM,90.403,-23.67,772.2,8.541751933,,0.010971215,1.085215415,0.092696409,7.36,106.42,1.177173324,0.003703559,0.36898933,0.004343644
CB2,MAOM,114.565,-23.82,945.11,8.249552656,,0.01096953,1.085050496,0.089511812,7.46,131.31,1.146161568,0.003703927,0.369025824,0.004229632
CB3,MAOM,123.619,-23.77,894.49,7.235861801,,0.010970092,1.085105469,0.078516732,6.93,133.6,1.080740016,0.003701978,0.368832405,0.003986119
CB4,MAOM,91.225,-23.57,1018.01,11.15933132,,0.010972339,1.085325362,0.121115053,7.52,145.77,1.597917238,0.003704147,0.369047721,0.005897077
CB5,MAOM,93.541,-23.59,950.48,10.16110583,,0.010972114,1.085303372,0.110278824,7.37,136.67,1.461070547,0.003703596,0.36899298,0.005391248
CB6,MAOM,90.182,-23.49,798.25,8.851544654,,0.010973238,1.085413318,0.096075845,7.57,114.47,1.269322038,0.003704331,0.369065968,0.004684636
CB7,MAOM,94.553,-23.56,844.21,8.928431673,,0.010972452,1.085336356,0.096903515,7.02,119.59,1.264793291,0.003702309,0.36886525,0.004665383
CB8,MAOM,104.844,-23.46,796.64,7.598336576,,0.010973575,1.085446302,0.082475863,6.98,112.76,1.075502652,0.003702162,0.368850652,0.003966999
CB9,MAOM,83.368,-23.54,773.55,9.278740044,,0.010972676,1.085358345,0.100707579,7,109.35,1.311654352,0.003702236,0.368857951,0.004838141
C1,MAOM,77.35,-23.76,921.56,11.91415643,,0.010970204,1.085116464,0.129282473,7.5,128.54,1.661797027,0.003704074,0.369040422,0.006132703
C2,MAOM,84.413,-23.77,1164.24,13.79218841,,0.010970092,1.085105469,0.149659791,7.53,162.71,1.927546705,0.003704184,0.36905137,0.007113638
C3,MAOM,86.986,-23.76,1259.68,14.4814108,,0.010970204,1.085116464,0.157140173,7.45,183.43,2.10873014,0.00370389,0.369022175,0.007781682
C4,MAOM,81.504,-24.29,838.8,10.29151943,,0.010964248,1.084533744,0.111615001,8.25,116.66,1.431340793,0.003706831,0.369314127,0.005286144
C5,MAOM,76.324,-24.36,861.59,11.2885855,,0.010963462,1.08445678,0.122419831,8.12,118.69,1.555080971,0.003706353,0.369266685,0.005742396
C6,MAOM,101.27,-24.29,832.03,8.215957342,,0.010964248,1.084533744,0.08910483,8.11,114.96,1.135183174,0.003706316,0.369263036,0.004191812
C7,MAOM,71.29,-23.66,892.42,12.51816524,,0.010971328,1.08522641,0.135850435,7.62,130.52,1.830831814,0.003704515,0.369084215,0.006757311
C8,MAOM,91.632,-23.9,1025.41,11.19052296,,0.010968631,1.084962538,0.121412982,7.44,140.72,1.53570805,0.003703853,0.369018526,0.005667047
C9,MAOM,97.055,-23.73,777.06,8.00638813,,0.010970541,1.085149448,0.086881277,7.26,112.34,1.157488022,0.003703191,0.368952836,0.004270585
CC1,MAOM,93.968,-23.82,703.91,7.490954367,,0.01096953,1.085050496,0.081280638,2.5,108.03,1.149646688,0.003685691,0.367215681,0.004221683
CC2,MAOM,91.917,-23.64,685.98,7.463037305,,0.010971553,1.085248399,0.080992493,3.22,79.38,0.863605209,0.003688338,0.367478448,0.003173563
CC3,MAOM,114.03,-25.52,574.38,5.037095501,,0.010950427,1.083181367,0.05456088,4.41,98.43,0.863193896,0.003692713,0.36791274,0.0031758
CC4,MAOM,112.034,-25.31,549.47,4.904493279,,0.010952786,1.083412264,0.053135882,5.29,73.27,0.653997893,0.003695949,0.368233895,0.002408242
CC5,MAOM,101.236,-25.31,497.5,4.914259749,,0.010952786,1.083412264,0.053241693,5.24,68.36,0.675253862,0.003695765,0.368215648,0.00248639
CC6,MAOM,87.937,-24.18,658.02,7.482857045,,0.010965485,1.084654686,0.08116316,5.12,81.69,0.928960506,0.003695324,0.368171854,0.003420171
CC7,MAOM,92.696,-24.02,691.73,7.462350047,,0.010967282,1.084830602,0.080953857,5.05,86.36,0.931647536,0.003695066,0.368146307,0.003429826
CC8,MAOM,107.974,-23.86,670.54,6.210198752,,0.01096908,1.085006517,0.067381061,4.38,88.03,0.815288866,0.003692603,0.367901792,0.002999462
CC9,MAOM,106.39,-23.94,768.52,7.223611242,,0.010968181,1.08491856,0.078370299,3.67,113.57,1.067487546,0.003689993,0.367642677,0.00392454
CD1,MAOM,91.382,-23.8,1021.23,11.17539559,,0.010969755,1.085072485,0.121261143,6.92,171.6,1.87783152,0.003701941,0.368828756,0.006925983
CD2,MAOM,100.081,-23.78,1102.92,11.02027358,,0.010969979,1.085094474,0.11958038,6.73,187.41,1.872583208,0.003701243,0.368759416,0.006905327
CD3,MAOM,95.001,-23.68,1124.79,11.83977011,,0.010971103,1.085204421,0.128485709,7.31,192.65,2.027873391,0.003703375,0.368971083,0.007482266
CD4,MAOM,98.468,-23.81,1163.56,11.81663078,,0.010969642,1.08506149,0.12821771,7.26,199.36,2.024617135,0.003703191,0.368952836,0.007469882
CD5,MAOM,100.569,-23.88,1011.46,10.05737354,,0.010968856,1.084984528,0.109120947,6.55,157.12,1.562310454,0.003700581,0.368693726,0.005760141
CD6,MAOM,111.11,-23.91,1112.4,10.01170012,,0.010968519,1.084951544,0.108622095,6.47,173.25,1.559265593,0.003700287,0.368664531,0.005748459
CD7,MAOM,108.363,-23.83,1088.8,10.04771001,,0.010969418,1.085039501,0.109021623,6.58,169.05,1.560034329,0.003700691,0.368704675,0.005751919
CD8,MAOM,104.867,-23.8,782.47,7.46154653,,0.010969755,1.085072485,0.080963188,8.05,124.9,1.191032451,0.003706096,0.369241139,0.004397782
CD9,MAOM,114.205,-23.76,847.17,7.417976446,,0.010970204,1.085116464,0.080493684,7.66,148.9,1.303795806,0.003704662,0.369098813,0.004812295
OA1,MAOM,80.59,-23.42,1184.58,14.69884601,,0.010974025,1.08549028,0.159554545,10.38,169.35,2.101377342,0.003714662,0.370091442,0.007777018
OA2,MAOM,99.845,-23.45,1333.72,13.35790475,,0.010973688,1.085457297,0.144994352,10.43,190.24,1.905353298,0.003714846,0.370109689,0.007051897
OA3,MAOM,105.991,-23.48,1094.42,10.32559368,,0.010973351,1.085424313,0.112076504,10.38,156.42,1.47578568,0.003714662,0.370091442,0.005461757
OA4,MAOM,97.405,-23.57,1149.99,11.80627278,,0.010972339,1.085325362,0.128136473,10.43,163.06,1.674041374,0.003714846,0.370109689,0.006195789
OA5,MAOM,91.022,-23.47,1281.77,14.08198018,,0.010973463,1.085435308,0.152850785,9.84,174.98,1.922392389,0.003712677,0.369894378,0.007110821
OA6,MAOM,95.815,-23.48,1370.21,14.30057924,,0.010973351,1.085424313,0.155221964,9.86,187.17,1.953451965,0.00371275,0.369901676,0.007225852
OA7,MAOM,109.059,-23.42,1264.56,11.59519159,,0.010974025,1.08549028,0.125864678,9.76,171.63,1.573735318,0.003712383,0.369865183,0.005820699
OA8,MAOM,106.234,-23.66,1558.01,14.66583203,,0.010971328,1.08522641,0.159157482,9.34,214.83,2.022233936,0.003710839,0.36971191,0.00747644
OA9,MAOM,93.096,-23.76,1479.5,15.8921973,,0.010970204,1.085116464,0.172448849,9.28,195.79,2.103097877,0.003710618,0.369690014,0.007774943
OB1,MAOM,89.432,-23.57,1060.32,11.85615887,,0.010972339,1.085325362,0.128677899,10.05,147.06,1.644377851,0.003713449,0.369971014,0.006083721
OB2,MAOM,108.025,-23.61,1322.77,12.24503587,,0.01097189,1.085281383,0.132893095,10.2,181.1,1.676463782,0.003714,0.370025754,0.006203348
OB3,MAOM,89.299,-23.44,1519.61,17.01709986,,0.0109738,1.085468291,0.184715223,11.27,211.59,2.369455425,0.003717934,0.370416232,0.008776848
OB4,MAOM,102.994,-23.59,1399.84,13.59147135,,0.010972114,1.085303372,0.147508697,11.34,195.41,1.897294988,0.003718192,0.370441778,0.007028373
OB5,MAOM,90.009,-23.69,1407.28,15.63488096,,0.010970991,1.085193426,0.1696687,9.57,193.2,2.146452021,0.003711684,0.369795845,0.00793749
OB6,MAOM,101.391,-23.72,1408.14,13.88821493,,0.010970654,1.085160442,0.150709415,9.02,202.37,1.995936523,0.003709662,0.36959513,0.007376884
OB7,MAOM,87.603,-23.49,1531.77,17.48536009,,0.010973238,1.085413318,0.189788427,10.54,224.39,2.56144196,0.00371525,0.370149832,0.009481173
OB8,MAOM,104.76,-23.44,1502.88,14.34593356,,0.0109738,1.085468291,0.15572056,9.6,235.95,2.252290951,0.003711794,0.369806793,0.008329125
OB9,MAOM,85.754,-23.55,1281.99,14.94962334,,0.010972564,1.085347351,0.162255341,9.65,189.84,2.213774285,0.003711978,0.36982504,0.008187092
O1,MAOM,85.443,-23.49,1192.19,13.95304472,,0.010973238,1.085413318,0.151448206,9.92,166,1.942815678,0.003712971,0.369923573,0.007186933
O2,MAOM,96.818,-23.55,1439.64,14.86954905,,0.010972564,1.085347351,0.161386257,10.01,200.21,2.067900597,0.003713302,0.369956417,0.007650331
O3,MAOM,79.26,-23.67,1267.11,15.98675246,,0.010971215,1.085215415,0.173490702,10.89,178.81,2.255992935,0.003716537,0.370277558,0.008353436
O4,MAOM,82.573,-23.55,1449.79,17.55767624,,0.010972564,1.085347351,0.190561774,10.67,203.33,2.462427186,0.003715728,0.370197273,0.009115838
O5,MAOM,88.462,-23.34,1294.6,14.63453234,,0.010974924,1.085578237,0.158869298,9.41,179.92,2.033867649,0.003711096,0.369737455,0.00751997
O6,MAOM,94.495,-23.64,1455.06,15.39827504,,0.010971553,1.085248399,0.167109533,9.45,199.02,2.106143182,0.003711243,0.369752053,0.007787508
O7,MAOM,87.127,-23.62,1263.12,14.49745773,,0.010971777,1.085270389,0.157336616,9.68,173.01,1.985721992,0.003712089,0.369835988,0.007343915
O8,MAOM,108.023,-23.72,1569.34,14.52783204,,0.010970654,1.085160442,0.157650286,9.58,237.61,2.199624154,0.003711721,0.369799494,0.008134199
O9,MAOM,96.144,-23.53,1150.03,11.96153686,,0.010972789,1.08536934,0.129826854,10.15,163.77,1.703382426,0.003713816,0.370007508,0.006302643
OC1,MAOM,110.904,-24.09,817.34,7.369797302,,0.010966496,1.084753639,0.079944144,6.7,125.02,1.127281252,0.003701133,0.368748468,0.004156832
OC2,MAOM,93.552,-24.14,689.66,7.371942877,,0.010965934,1.084698665,0.079963366,6.63,105.26,1.125149649,0.003700875,0.368722922,0.004148685
OC3,MAOM,115.793,-24.58,709.73,6.129299699,,0.01096099,1.084214894,0.06645478,7.94,97.08,0.838392649,0.003705691,0.369200996,0.003095354
OC4,MAOM,114.773,-24.59,719.39,6.267937581,,0.010960877,1.084203899,0.067957224,6.91,115.17,1.003459002,0.003701905,0.368825106,0.003701009
OC5,MAOM,107.934,-24.94,608.47,5.637426575,,0.010956944,1.083819078,0.061099505,8.1,78.21,0.724609484,0.00370628,0.369259386,0.002675689
OC6,MAOM,111.444,-24.89,620.27,5.565754998,,0.010957506,1.083874053,0.060325774,8,82.2,0.73759018,0.003705912,0.369222892,0.002723352
OC7,MAOM,108.274,-23.95,767.89,7.092099673,,0.010968069,1.084907565,0.076942726,8.55,113.77,1.050760109,0.003707934,0.369423609,0.003881756
OC8,MAOM,112.069,-25.12,686.23,6.123281193,,0.010954922,1.083621169,0.066353171,7.34,86.54,0.772202839,0.003703486,0.368982031,0.00284929
OC9,MAOM,88.922,-25.46,551.12,6.197791323,,0.010951101,1.083247338,0.06713741,7.64,67.14,0.755043746,0.003704588,0.369091514,0.002786802
OD1,MAOM,106.698,-23.57,1570.72,14.72117565,,0.010972339,1.085325362,0.159772653,10.42,253.49,2.375770867,0.003714809,0.37010604,0.008792871
OD2,MAOM,95.541,-23.64,1404.08,14.69609906,,0.010971553,1.085248399,0.15948918,10.34,226.68,2.372593965,0.003714515,0.370076845,0.008780421
OD3,MAOM,119.946,-23.48,1772.49,14.77739983,,0.010973351,1.085424313,0.160397491,9.62,311.83,2.599753222,0.003711868,0.369814092,0.009614254
OD4,MAOM,115.288,-23.84,1190.76,10.32856845,,0.010969305,1.085028506,0.112067912,9.43,194.86,1.690201929,0.003711169,0.369744754,0.006249433
OD5,MAOM,101.292,-23.88,1038.48,10.25233977,,0.010968856,1.084984528,0.1112363,10.42,151.63,1.496959286,0.003714809,0.37010604,0.005540337
OD6,MAOM,100.883,-23.51,1422.06,14.09613116,,0.010973013,1.085391329,0.152998185,10.2,226.03,2.240516242,0.003714,0.370025754,0.008290487
OD7,MAOM,103.872,-23.49,1478.16,14.2305915,,0.010973238,1.085413318,0.154460735,10.37,233.05,2.243626771,0.003714625,0.370087793,0.008303389
OD8,MAOM,97.727,-23.7,1404.6,14.37269127,,0.010970878,1.085182432,0.155969921,9.87,211.86,2.167875817,0.003712787,0.369905326,0.008019088
OD9,MAOM,108.982,-23.64,1625.68,14.91695876,,0.010971553,1.085248399,0.161886056,9.31,271.3,2.48940192,0.003710728,0.369700962,0.009203343
